sampleID;name;rat_no;rat_name;cage;day;material;sample_type;barcode;random;fecesG;dnaC;pcrC;primer;fwdP;randGr;run;gr;treatment;pfos;van;mtrl_day;grday;typetreat;typegrday;PFOS_serum4_ug;PFOS_serum8_ug;PFOS_liver_mg;acetic;formic;propanoic;_2m_propanoic;butanoic;_3m_butanoic;pentanoic;_4m_pentanoic;hexanoic;heptanoic;bw;liver_w;liver_w_n;cecum_w;cecum_w_n
c2_R01CE8G1;R01CE8G1;1;R01;1;d8;Cecum;Sample;CAGAAGGAAC;5;127;118;5.7;CCATCTCATCCCTGCGTGTCTCCGACtcagCAGAAGGAACgatCCTACGGGAGGCAGCAG;PBU_5;205;c2;g1;CTRL;ctrl;ctrl;Cecum_d8;gr1day8;CE_CTRL;CEgr1day8;0;0;0.003037936;7.868664624;;0.392193101;0.107131688;1.710920079;0.066091452;0.059756633;;0.088022374;;380;13.8088;0.036338947;7.4945;0.019722368
c2_R02CE8G1;R02CE8G1;2;R02;1;d8;Cecum;Sample;TCTAACGGAC;13;182;121;4.76;CCATCTCATCCCTGCGTGTCTCCGACtcagTCTAACGGACgatCCTACGGGAGGCAGCAG;PBU_13;213;c2;g1;CTRL;ctrl;ctrl;Cecum_d8;gr1day8;CE_CTRL;CEgr1day8;0;0;0.00231814;7.529960838;;0.264897743;0.031722031;0.837188153;0.01943444;0.039310308;;0.015496245;;284;10.537;0.037102113;;
c2_R03CE8G1;R03CE8G1;3;R03;2;d8;Cecum;Sample;CGAGGTTATC;30;268;84.2;2.5;CCATCTCATCCCTGCGTGTCTCCGACtcagCGAGGTTATCgatCCTACGGGAGGCAGCAG;PBU_30;230;c2;g1;CTRL;ctrl;ctrl;Cecum_d8;gr1day8;CE_CTRL;CEgr1day8;0;0;0.00030543;7.334644386;;0.307603587;0.049579591;1.551263045;0.027955636;0.073316002;;0.106096092;;270;10.181;0.037707407;4.2227;0.01563963
c2_R04CE8G1;R04CE8G1;4;R04;2;d8;Cecum;Sample;CTAGGAACCG;95;170.2;144;4.66;CCATCTCATCCCTGCGTGTCTCCGACtcagCTAGGAACCGCgatCCTACGGGAGGCAGCAG;PBU_95;295;c2;g1;CTRL;ctrl;ctrl;Cecum_d8;gr1day8;CE_CTRL;CEgr1day8;0;0;0.00048724;7.211623767;;0.400237553;0.050540267;1.404214302;0.034416294;0.030303735;;;;333;12.181;0.03657958;4.2636;0.012803604
c2_R05CE8G1;R05CE8G1;5;R05;3;d8;Cecum;Sample;AACCATCCGC;27;236;222;5.72;CCATCTCATCCCTGCGTGTCTCCGACtcagAACCATCCGCgatCCTACGGGAGGCAGCAG;PBU_27;227;c2;g1;CTRL;ctrl;ctrl;Cecum_d8;gr1day8;CE_CTRL;CEgr1day8;;0.048;0.00096172;9.522715335;;0.227608736;0.049101773;2.427284909;0.026265857;0.045212862;;0.063080932;;250;9.6172;0.0384688;3.4712;0.0138848
c2_R06CE8G1;R06CE8G1;6;R06;3;d8;Cecum;Sample;CGGAAGGATG;94;167.1;114;6.08;CCATCTCATCCCTGCGTGTCTCCGACtcagCGGAAGGATGCgatCCTACGGGAGGCAGCAG;PBU_94;294;c2;g1;CTRL;ctrl;ctrl;Cecum_d8;gr1day8;CE_CTRL;CEgr1day8;0.003;0;0.00057948;6.277652845;;0.229773614;0.039023602;1.212169357;0.021403719;0.054878086;;0.046317281;;320;11.5896;0.0362175;4.8215;0.015067188
c2_R07CE8G1;R07CE8G1;7;R07;4;d8;Cecum;Sample;TTGGAGTGTC;14;209;111;6.22;CCATCTCATCCCTGCGTGTCTCCGACtcagTTGGAGTGTCgatCCTACGGGAGGCAGCAG;PBU_14;214;c2;g1;CTRL;ctrl;ctrl;Cecum_d8;gr1day8;CE_CTRL;CEgr1day8;0;0;0.004492137;7.695139947;;0.280520044;0.071441389;1.922502227;0.049669642;0.069213867;0.057246297;0.069717902;;329;11.5183;0.03501003;4.4275;0.013457447
c2_R08CE8G1;R08CE8G1;8;R08;4;d8;Cecum;Sample;AAGAGGATTC;3;148;123;7;CCATCTCATCCCTGCGTGTCTCCGACtcagAAGAGGATTCgatCCTACGGGAGGCAGCAG;PBU_3;203;c2;g1;CTRL;ctrl;ctrl;Cecum_d8;gr1day8;CE_CTRL;CEgr1day8;0;0;0.001593536;1.019506463;0.827624299;;;;;;0.037665984;;;298;11.3824;0.038195973;4.6751;0.015688255
c2_R09CE8G1;R09CE8G1;9;R09;5;d8;Cecum;Sample;CTGAGTTCCG;76;219.2;127;2.24;CCATCTCATCCCTGCGTGTCTCCGACtcagCTGAGTTCCGACgatCCTACGGGAGGCAGCAG;PBU_76;276;c2;g1;CTRL;ctrl;ctrl;Cecum_d8;gr1day8;CE_CTRL;CEgr1day8;0;0.08;0.001522365;7.035536133;;0.194235576;0.034381627;0.700025303;0.019891014;0.024465369;0.041231537;0.040585876;;314;10.1491;0.032321975;6.3795;0.020316879
c2_R10CE8G1;R10CE8G1;10;R10;5;d8;Cecum;Sample;TTCGAGACGC;22;196;51;2.2;CCATCTCATCCCTGCGTGTCTCCGACtcagTTCGAGACGCgatCCTACGGGAGGCAGCAG;PBU_22;222;c2;g1;CTRL;ctrl;ctrl;Cecum_d8;gr1day8;CE_CTRL;CEgr1day8;0;0;0.000909392;10.46552189;;0.348551601;0.06152928;1.330444376;0.042614778;0.060321534;0.042938139;0.060449375;0.042825291;312;11.3674;0.036433974;5.2905;0.016956731
c2_R11CE8G1;R11CE8G1;11;R11;6;d8;Cecum;Sample;TCCTGGCACA;77;178.5;142;4.95;CCATCTCATCCCTGCGTGTCTCCGACtcagTCCTGGCACATCgatCCTACGGGAGGCAGCAG;PBU_77;277;c2;g1;CTRL;ctrl;ctrl;Cecum_d8;gr1day8;CE_CTRL;CEgr1day8;0.002;0;0.006150927;8.556427946;;0.381443757;0.049378206;1.65193422;0.029312623;0.074905797;0.033963544;0.124649555;;308;10.4253;0.033848377;4.973;0.016146104
c2_R12CE8G1;R12CE8G1;12;R12;6;d8;Cecum;Sample;TACCAAGATC;4;184;145;7.2;CCATCTCATCCCTGCGTGTCTCCGACtcagTACCAAGATCgatCCTACGGGAGGCAGCAG;PBU_4;204;c2;g1;CTRL;ctrl;ctrl;Cecum_d8;gr1day8;CE_CTRL;CEgr1day8;0;0.064;0.004396334;6.799043053;;0.193167799;0.046678011;0.649065304;0.026651495;0.029922328;;0.017124962;;349;11.5693;0.033149857;5.8247;0.016689685
c2_R13CE8G2;R13CE8G2;13;R13;7;d8;Cecum;Sample;TTGGCTGGAC;42;259;158;8.46;CCATCTCATCCCTGCGTGTCTCCGACtcagTTGGCTGGACgatCCTACGGGAGGCAGCAG;PBU_42;242;c2;g2;VAN;ctrl;van;Cecum_d8;gr2day8;CE_VAN;CEgr2day8;0.002;0;0.00090997;3.051264502;;0.158789034;;0.059886815;;;;;;253;9.0997;0.035967194;8.0247;0.031718182
c2_R14CE8G2;R14CE8G2;14;R14;7;d8;Cecum;Sample;CCGAACACTT;91;215;202;3.7;CCATCTCATCCCTGCGTGTCTCCGACtcagCCGAACACTTCgatCCTACGGGAGGCAGCAG;PBU_91;291;c2;g2;VAN;ctrl;van;Cecum_d8;gr2day8;CE_VAN;CEgr2day8;;0.032;0.003332472;4.022242782;0.646935007;0.264919273;;0.163436972;;;0.050049272;;;291;10.0984;0.034702405;8.5436;0.02935945
c2_R15CE8G2;R15CE8G2;15;R15;8;d8;Cecum;Sample;TCTAGAGGTC;15;143;102;4.12;CCATCTCATCCCTGCGTGTCTCCGACtcagTCTAGAGGTCgatCCTACGGGAGGCAGCAG;PBU_15;215;c2;g2;VAN;ctrl;van;Cecum_d8;gr2day8;CE_VAN;CEgr2day8;0;0;0.00102532;2.060242365;;0.400834452;;0.322305578;;;;;;318;10.2532;0.032242767;12.4095;0.039023585
c2_R16CE8G2;R16CE8G2;16;R16;8;d8;Cecum;Sample;CCGCATGGAA;64;187.8;186;14.1;CCATCTCATCCCTGCGTGTCTCCGACtcagCCGCATGGAACgatCCTACGGGAGGCAGCAG;PBU_64;264;c2;g2;VAN;ctrl;van;Cecum_d8;gr2day8;CE_VAN;CEgr2day8;0;0.032;0.006927151;2.065273889;;0.357557403;;0.058566897;;;0.058337338;;;288;8.9963;0.031237153;9.0509;0.031426736
c2_R17CE8G2;R17CE8G2;17;R17;9;d8;Cecum;Sample;TAAGGAGAAC;2;114;163;4.22;CCATCTCATCCCTGCGTGTCTCCGACtcagTAAGGAGAACgatCCTACGGGAGGCAGCAG;PBU_2;202;c2;g2;VAN;ctrl;van;Cecum_d8;gr2day8;CE_VAN;CEgr2day8;0;0;0;3.685242182;0.797453003;0.245065044;;0.265776652;;;;;;325;10.1462;0.031219077;9.926;0.030541538
c2_R18CE8G2;R18CE8G2;18;R18;9;d8;Cecum;Sample;TTCAATTGGC;34;137;155;3.52;CCATCTCATCCCTGCGTGTCTCCGACtcagTTCAATTGGCgatCCTACGGGAGGCAGCAG;PBU_34;234;c2;g2;VAN;ctrl;van;Cecum_d8;gr2day8;CE_VAN;CEgr2day8;0;0;0.000323103;2.27660562;;0.400484586;;0.155728627;;;;;;314;10.7701;0.034299682;9.2403;0.029427707
c2_R19CE8G2;R19CE8G2;19;R19;10;d8;Cecum;Sample;TTCCACTTCG;48;156.7;117;8.8;CCATCTCATCCCTGCGTGTCTCCGACtcagTTCCACTTCGCgatCCTACGGGAGGCAGCAG;PBU_48;248;c2;g2;VAN;ctrl;van;Cecum_d8;gr2day8;CE_VAN;CEgr2day8;0;0;0.002816996;2.775193803;;0.241897608;0.061222086;0.162886532;0.061184182;0.053171554;0.256246953;0.046778622;0.11266511;297;10.0607;0.033874411;9.924;0.033414141
c2_R20CE8G2;R20CE8G2;20;R20;10;d8;Cecum;Sample;TAAGGCAACC;59;133.4;83.3;2;CCATCTCATCCCTGCGTGTCTCCGACtcagTAAGGCAACCACgatCCTACGGGAGGCAGCAG;PBU_59;259;c2;g2;VAN;ctrl;van;Cecum_d8;gr2day8;CE_VAN;CEgr2day8;0;0;0.000905192;3.65926103;;0.212757992;;0.744501301;;;;;;345;11.3149;0.032796812;9.3563;0.02711971
c2_R21CE8G2;R21CE8G2;21;R21;11;d8;Cecum;Sample;TAAGCCATTG;51;170.4;118;6.24;CCATCTCATCCCTGCGTGTCTCCGACtcagTAAGCCATTGTCgatCCTACGGGAGGCAGCAG;PBU_51;251;c2;g2;VAN;ctrl;van;Cecum_d8;gr2day8;CE_VAN;CEgr2day8;0.004;0;0.004327864;3.008143422;;0.239450364;;0.097119437;;;;;;309;10.0648;0.032572168;9.0489;0.029284466
c2_R22CE8G2;R22CE8G2;22;R22;11;d8;Cecum;Sample;TCCACCTCCT;67;166.1;150;4.37;CCATCTCATCCCTGCGTGTCTCCGACtcagTCCACCTCCTCgatCCTACGGGAGGCAGCAG;PBU_67;267;c2;g2;VAN;ctrl;van;Cecum_d8;gr2day8;CE_VAN;CEgr2day8;0;0;0.00066963;2.797761422;;0.12444244;;0.070698748;;;0.052411688;;;332;11.1605;0.033615964;9.369;0.02821988
c2_R23CE8G2;R23CE8G2;23;R23;12;d8;Cecum;Sample;TGGAGGACGG;54;145.8;147;2.93;CCATCTCATCCCTGCGTGTCTCCGACtcagTGGAGGACGGACgatCCTACGGGAGGCAGCAG;PBU_54;254;c2;g2;VAN;ctrl;van;Cecum_d8;gr2day8;CE_VAN;CEgr2day8;0;0;0.0015899;3.818070251;;0.275268317;;0.080780655;;;;;;352;12.23;0.034744318;10.6062;0.03013125
c2_R24CE8G2;R24CE8G2;24;R24;12;d8;Cecum;Sample;ATCCGGAATC;28;190;193;3.46;CCATCTCATCCCTGCGTGTCTCCGACtcagATCCGGAATCgatCCTACGGGAGGCAGCAG;PBU_28;228;c2;g2;VAN;ctrl;van;Cecum_d8;gr2day8;CE_VAN;CEgr2day8;0;0.064;0.001746045;3.078666325;;0.242871681;;0.060465716;;;;;;328;11.6403;0.03548872;7.4712;0.022778049
c2_R25CE8G3;R25CE8G3;25;R25;13;d8;Cecum;Sample;AGGCAATTGC;18;193;121;1.842;CCATCTCATCCCTGCGTGTCTCCGACtcagAGGCAATTGCgatCCTACGGGAGGCAGCAG;PBU_18;218;c2;g3;PFOS;pfos;ctrl;Cecum_d8;gr3day8;CE_PFOS;CEgr3day8;8.56;43.92;2.756576424;9.315861652;;0.304466066;0.04532504;1.977343586;0.028706195;0.036229494;0.176449642;0.082871274;;389;14.6067;0.037549357;7.4068;0.019040617
c2_R26CE8G3;R26CE8G3;26;R26;13;d8;Cecum;Sample;TTGGAGGCCA;56;145;92.6;4.18;CCATCTCATCCCTGCGTGTCTCCGACtcagTTGGAGGCCAGCgatCCTACGGGAGGCAGCAG;PBU_56;256;c2;g3;PFOS;pfos;ctrl;Cecum_d8;gr3day8;CE_PFOS;CEgr3day8;9.6;45.6;2.331837112;11.1835698;;0.344223375;0.08032019;2.176343479;0.056283013;0.103582748;;0.183757406;;282;12.2419;0.043410993;3.6565;0.012966312
c2_R27CE8G3;R27CE8G3;27;R27;14;d8;Cecum;Sample;CGGACAATGG;62;158;119;12.7;CCATCTCATCCCTGCGTGTCTCCGACtcagCGGACAATGGCgatCCTACGGGAGGCAGCAG;PBU_62;262;c2;g3;PFOS;pfos;ctrl;Cecum_d8;gr3day8;CE_PFOS;CEgr3day8;7.92;69.92;1.664765;3.81846141;;0.138452052;0.026909798;0.348331263;0.018737536;0.016904128;;0.014671422;;306;11.4025;0.037263072;3.2032;0.010467974
c2_R28CE8G3;R28CE8G3;28;R28;14;d8;Cecum;Sample;CCGCAATCAT;78;137.2;119;2.2;CCATCTCATCCCTGCGTGTCTCCGACtcagCCGCAATCATCgatCCTACGGGAGGCAGCAG;PBU_78;278;c2;g3;PFOS;pfos;ctrl;Cecum_d8;gr3day8;CE_PFOS;CEgr3day8;8.64;21.92;1.719812512;8.430942239;0.661795965;0.485812139;0.07477591;1.270838685;0.050098474;0.065236596;0.122000471;0.043734987;;284;11.4532;0.040328169;4.2597;0.014998944
c2_R29CE8G3;R29CE8G3;29;R29;15;d8;Cecum;Sample;CTAAGGTAAC;1;261;197;9.26;CCATCTCATCCCTGCGTGTCTCCGACtcagCTAAGGTAACgatCCTACGGGAGGCAGCAG;PBU_1;201;c2;g3;PFOS;pfos;ctrl;Cecum_d8;gr3day8;CE_PFOS;CEgr3day8;12.96;26.56;1.937075784;4.116468148;;0.197857682;0.040984873;0.461454139;0.032953231;0.028162284;;0.022026222;;283;10.7759;0.038077385;4.8233;0.017043463
c2_R30CE8G3;R30CE8G3;30;R30;15;d8;Cecum;Sample;CAGCATTAAT;68;123;137;5.04;CCATCTCATCCCTGCGTGTCTCCGACtcagCAGCATTAATTCgatCCTACGGGAGGCAGCAG;PBU_68;268;c2;g3;PFOS;pfos;ctrl;Cecum_d8;gr3day8;CE_PFOS;CEgr3day8;8.68;47.84;2.28533864;3.50372486;;0.151658591;0.038710713;0.251098809;0.028967713;0.038377059;0.028585453;0.032692959;;276;10.3129;0.03736558;3.6743;0.013312681
c2_R31CE8G3;R31CE8G3;31;R31;16;d8;Cecum;Sample;CGGAAGAACC;83;175;69.2;3.72;CCATCTCATCCCTGCGTGTCTCCGACtcagCGGAAGAACCTCgatCCTACGGGAGGCAGCAG;PBU_83;283;c2;g3;PFOS;pfos;ctrl;Cecum_d8;gr3day8;CE_PFOS;CEgr3day8;5.72;21.84;2.232476688;8.719508776;0.751313185;0.291792143;0.044513329;1.523350005;0.034586019;0.050700827;;0.022518659;;338;13.1694;0.038962722;5.122;0.015153846
c2_R32CE8G3;R32CE8G3;32;R32;16;d8;Cecum;Sample;CTTCCATAAC;41;222;66.8;3.82;CCATCTCATCCCTGCGTGTCTCCGACtcagCTTCCATAACgatCCTACGGGAGGCAGCAG;PBU_41;241;c2;g3;PFOS;pfos;ctrl;Cecum_d8;gr3day8;CE_PFOS;CEgr3day8;7.56;29.36;1.928938968;6.642488288;1.511986783;0.222430156;0.033149284;0.759356574;0.019855396;0.024065186;;0.016743183;;306;11.5533;0.037755882;3.8333;0.012527124
c2_R33CE8G3;R33CE8G3;33;R33;17;d8;Cecum;Sample;CCTGAGATAC;25;151.7;139;3.32;CCATCTCATCCCTGCGTGTCTCCGACtcagCCTGAGATACgatCCTACGGGAGGCAGCAG;PBU_25;225;c2;g3;PFOS;pfos;ctrl;Cecum_d8;gr3day8;CE_PFOS;CEgr3day8;8.24;22.08;2.04952464;9.218474884;;0.3206063;0.040250703;1.075174125;0.021475115;0.045369752;;0.141198393;;322;12.7458;0.03958323;6.2924;0.019541615
c2_R34CE8G3;R34CE8G3;34;R34;17;d8;Cecum;Sample;TTCGTGATTC;7;155;118;1.97;CCATCTCATCCCTGCGTGTCTCCGACtcagTTCGTGATTCgatCCTACGGGAGGCAGCAG;PBU_7;207;c2;g3;PFOS;pfos;ctrl;Cecum_d8;gr3day8;CE_PFOS;CEgr3day8;11.36;52.48;2.25036972;6.435524296;;0.213571369;0.047813384;1.008280745;0.026973218;0.04630859;0.038294902;0.050456843;;314;12.4965;0.039797771;5.0817;0.016183758
c2_R35CE8G3;R35CE8G3;35;R35;18;d8;Cecum;Sample;TCCTAACATA;61;219.3;187;12.9;CCATCTCATCCCTGCGTGTCTCCGACtcagTCCTAACATAACgatCCTACGGGAGGCAGCAG;PBU_61;261;c2;g3;PFOS;pfos;ctrl;Cecum_d8;gr3day8;CE_PFOS;CEgr3day8;9;29.84;2.255714568;8.880293343;;0.269832333;0.067442885;1.694737851;0.045072911;0.081845096;;0.142470808;;341;14.0211;0.041117595;5.2659;0.015442522
c2_R36CE8G3;R36CE8G3;36;R36;18;d8;Cecum;Sample;CAGCCAATTC;85;164.4;86;7.08;CCATCTCATCCCTGCGTGTCTCCGACtcagCAGCCAATTCTCgatCCTACGGGAGGCAGCAG;PBU_85;285;c2;g3;PFOS;pfos;ctrl;Cecum_d8;gr3day8;CE_PFOS;CEgr3day8;11.84;23.76;1.87398452;5.979112839;;0.244102344;0.060115171;1.171389075;0.037057458;0.044713459;;0.089312665;;256;9.3887;0.036674609;3.8176;0.0149125
c2_R37CE8G4;R37CE8G4;37;R37;19;d8;Cecum;Sample;TTCCGATAAC;8;154.7;210;1.61;CCATCTCATCCCTGCGTGTCTCCGACtcagTTCCGATAACgatCCTACGGGAGGCAGCAG;PBU_8;208;c2;g4;VAN+PFOS;pfos;van;Cecum_d8;gr4day8;CE_VAN+PFOS;CEgr4day8;9.36;36.08;2.35717944;2.540921958;;0.358339725;;0.338480571;;;0.100110996;;;340;12.7553;0.037515588;9.4853;0.027897941
c2_R38CE8G4;R38CE8G4;38;R38;19;d8;Cecum;Sample;CGGACAGATC;44;207;141;4.73;CCATCTCATCCCTGCGTGTCTCCGACtcagCGGACAGATCgatCCTACGGGAGGCAGCAG;PBU_44;244;c2;g4;VAN+PFOS;pfos;van;Cecum_d8;gr4day8;CE_VAN+PFOS;CEgr4day8;11.76;31.28;2.410030792;2.216871096;;0.381112108;;0.174831021;;;;;;333;12.6737;0.038059159;;
c2_R39CE8G4;R39CE8G4;39;R39;20;d8;Cecum;Sample;TAACAATCGG;46;129;100;2.87;CCATCTCATCCCTGCGTGTCTCCGACtcagTAACAATCGGCgatCCTACGGGAGGCAGCAG;PBU_46;246;c2;g4;VAN+PFOS;pfos;van;Cecum_d8;gr4day8;CE_VAN+PFOS;CEgr4day8;10.64;25.92;1.83622416;1.937005071;;0.266681521;;0.145724441;;;;;;273;10.3391;0.037872161;8.6568;0.03170989
c2_R40CE8G4;R40CE8G4;40;R40;20;d8;Cecum;Sample;TCTTACACAC;32;132;112;4.2;CCATCTCATCCCTGCGTGTCTCCGACtcagTCTTACACACgatCCTACGGGAGGCAGCAG;PBU_32;232;c2;g4;VAN+PFOS;pfos;van;Cecum_d8;gr4day8;CE_VAN+PFOS;CEgr4day8;12.12;23.92;2.456153056;4.048858094;0.638595071;0.195899605;;0.074594859;;;;;;327;13.0148;0.039800612;10.4386;0.031922324
c2_R41CE8G4;R41CE8G4;41;R41;21;d8;Cecum;Sample;AAGGAATCGT;52;180;88.6;7.64;CCATCTCATCCCTGCGTGTCTCCGACtcagAAGGAATCGTCgatCCTACGGGAGGCAGCAG;PBU_52;252;c2;g4;VAN+PFOS;pfos;van;Cecum_d8;gr4day8;CE_VAN+PFOS;CEgr4day8;9.12;21.68;2.478445776;3.343697732;1.251182691;0.210021957;;0.152055596;;;;;;308;11.2493;0.036523701;9.5787;0.031099675
c2_R42CE8G4;R42CE8G4;42;R42;21;d8;Cecum;Sample;TCGCATCGTT;50;166;148;17.3;CCATCTCATCCCTGCGTGTCTCCGACtcagTCGCATCGTTCgatCCTACGGGAGGCAGCAG;PBU_50;250;c2;g4;VAN+PFOS;pfos;van;Cecum_d8;gr4day8;CE_VAN+PFOS;CEgr4day8;9.8;40.96;2.14096932;2.766247099;;0.287348738;0.09295739;0.261505441;0.075612935;0.089738102;1.77305212;0.07295131;0.097953433;290;9.4399;0.032551379;10.2235;0.035253448
c2_R43CE8G4;R43CE8G4;43;R43;22;d8;Cecum;Sample;CGAAGCGATT;84;170.5;75.4;4.62;CCATCTCATCCCTGCGTGTCTCCGACtcagCGAAGCGATTCgatCCTACGGGAGGCAGCAG;PBU_84;284;c2;g4;VAN+PFOS;pfos;van;Cecum_d8;gr4day8;CE_VAN+PFOS;CEgr4day8;10.08;25.6;2.931049152;3.201229656;;0.572864953;;0.158501444;;;;;;338;13.3036;0.039359763;11.8803;0.035148817
c2_R44CE8G4;R44CE8G4;44;R44;22;d8;Cecum;Sample;TCCTTGATGT;71;156.6;150;4.52;CCATCTCATCCCTGCGTGTCTCCGACtcagTCCTTGATGTTCgatCCTACGGGAGGCAGCAG;PBU_71;271;c2;g4;VAN+PFOS;pfos;van;Cecum_d8;gr4day8;CE_VAN+PFOS;CEgr4day8;;37.44;2.067464624;5.601203279;;0.356580514;;0.0914485;;;0.03358875;;;314;12.3122;0.039210828;11.6957;0.037247452
c2_R45CE8G4;R45CE8G4;45;R45;23;d8;Cecum;Sample;TTCTAAGAGA;60;210;133;7.41;CCATCTCATCCCTGCGTGTCTCCGACtcagTTCTAAGAGACgatCCTACGGGAGGCAGCAG;PBU_60;260;c2;g4;VAN+PFOS;pfos;van;Cecum_d8;gr4day8;CE_VAN+PFOS;CEgr4day8;;25.36;2.081832336;3.817895948;1.007979423;0.253480475;;0.231647609;;;0.53204789;;;283;10.2898;0.036359717;10.0136;0.035383746
c2_R46CE8G4;R46CE8G4;46;R46;23;d8;Cecum;Sample;TCTGGCAACG;69;165.6;270;3.54;CCATCTCATCCCTGCGTGTCTCCGACtcagTCTGGCAACGGCgatCCTACGGGAGGCAGCAG;PBU_69;269;c2;g4;VAN+PFOS;pfos;van;Cecum_d8;gr4day8;CE_VAN+PFOS;CEgr4day8;9.88;34.72;1.854698768;4.270381774;0.681299916;0.391006184;;0.192482752;;;;;;290;10.0189;0.034547931;10.1189;0.034892759
c2_R47CE8G4;R47CE8G4;47;R47;24;d8;Cecum;Sample;TCCTGAATCT;92;160.2;134;2.14;CCATCTCATCCCTGCGTGTCTCCGACtcagTCCTGAATCTCgatCCTACGGGAGGCAGCAG;PBU_92;292;c2;g4;VAN+PFOS;pfos;van;Cecum_d8;gr4day8;CE_VAN+PFOS;CEgr4day8;8.8;59.52;2.3351268;3.335547743;;0.351326513;0.022249194;0.065490523;;;0.117204251;;;286;11.4467;0.040023427;8.054;0.028160839
c2_R48CE8G4;R48CE8G4;48;R48;24;d8;Cecum;Sample;CTAGGACATT;88;185.3;114;6.08;CCATCTCATCCCTGCGTGTCTCCGACtcagCTAGGACATTCgatCCTACGGGAGGCAGCAG;PBU_88;288;c2;g4;VAN+PFOS;pfos;van;Cecum_d8;gr4day8;CE_VAN+PFOS;CEgr4day8;8.6;23.76;1.717076736;2.386965824;;0.274898799;;0.433170595;;;0.038500478;;;262;9.1024;0.034741985;9.5102;0.036298473
c4_R01F0G1;R01F0G1;1;R01;1;d0;Feces;Sample;TCCTGGCACA;77;164;75.4;2.66;CCATCTCATCCCTGCGTGTCTCCGACtcagTCCTGGCACATCgatCCTACGGGAGGCAGCAG;PBU_77;177;c4;g1;CTRL;ctrl;ctrl;Feces_d0;gr1day0;F_CTRL;Fgr1day0;;;;;;;;;;;;;;310;;;;
c4_R02F0G1;R02F0G1;2;R02;1;d0;Feces;Sample;TTCCGATAAC;8;117;7.28;4.74;CCATCTCATCCCTGCGTGTCTCCGACtcagTTCCGATAACgatCCTACGGGAGGCAGCAG;PBU_8;108;c4;g1;CTRL;ctrl;ctrl;Feces_d0;gr1day0;F_CTRL;Fgr1day0;;;;;;;;;;;;;;239.9;;;;
c4_R03F0G1;R03F0G1;3;R03;2;d0;Feces;Sample;CTGACCGAAC;10;133;5.04;8.08;CCATCTCATCCCTGCGTGTCTCCGACtcagCTGACCGAACgatCCTACGGGAGGCAGCAG;PBU_10;110;c4;g1;CTRL;ctrl;ctrl;Feces_d0;gr1day0;F_CTRL;Fgr1day0;;;;;;;;;;;;;;228.6;;;;
c4_R04F0G1;R04F0G1;4;R04;2;d0;Feces;Sample;TCTAACGGAC;13;193;35.8;2.95;CCATCTCATCCCTGCGTGTCTCCGACtcagTCTAACGGACgatCCTACGGGAGGCAGCAG;PBU_13;113;c4;g1;CTRL;ctrl;ctrl;Feces_d0;gr1day0;F_CTRL;Fgr1day0;;;;;;;;;;;;;;289.7;;;;
c4_R05F0G1;R05F0G1;5;R05;3;d0;Feces;Sample;TAAGGCAACC;59;112;23.8;6.52;CCATCTCATCCCTGCGTGTCTCCGACtcagTAAGGCAACCACgatCCTACGGGAGGCAGCAG;PBU_59;159;c4;g1;CTRL;ctrl;ctrl;Feces_d0;gr1day0;F_CTRL;Fgr1day0;;;;;;;;;;;;;;214;;;;
c4_R06F0G1;R06F0G1;6;R06;3;d0;Feces;Sample;TCCTAGAACA;70;94;47.4;5.35;CCATCTCATCCCTGCGTGTCTCCGACtcagTCCTAGAACACgatCCTACGGGAGGCAGCAG;PBU_70;170;c4;g1;CTRL;ctrl;ctrl;Feces_d0;gr1day0;F_CTRL;Fgr1day0;;;;;;;;;;;;;;274.5;;;;
c4_R07F0G1;R07F0G1;7;R07;4;d0;Feces;Sample;TCGAAGGCAG;86;109;74;2.88;CCATCTCATCCCTGCGTGTCTCCGACtcagTCGAAGGCAGGCgatCCTACGGGAGGCAGCAG;PBU_86;186;c4;g1;CTRL;ctrl;ctrl;Feces_d0;gr1day0;F_CTRL;Fgr1day0;;;;;;;;;;;;;;278.7;;;;
c4_R08F0G1;R08F0G1;8;R08;4;d0;Feces;Sample;TAGGTGGTTC;12;139;4.46;5.09;CCATCTCATCCCTGCGTGTCTCCGACtcagTAGGTGGTTCgatCCTACGGGAGGCAGCAG;PBU_12;112;c4;g1;CTRL;ctrl;ctrl;Feces_d0;gr1day0;F_CTRL;Fgr1day0;;;;;;;;;;;;;;256.4;;;;
c4_R09F0G1;R09F0G1;9;R09;5;d0;Feces;Sample;TTAAGCGGTC;45;182;53.6;3.83;CCATCTCATCCCTGCGTGTCTCCGACtcagTTAAGCGGTCgatCCTACGGGAGGCAGCAG;PBU_45;145;c4;g1;CTRL;ctrl;ctrl;Feces_d0;gr1day0;F_CTRL;Fgr1day0;;;;;;;;;;;;;;273.1;;;;
c4_R10F0G1;R10F0G1;10;R10;5;d0;Feces;Sample;TGCCACGAAC;23;124;26.8;7.35;CCATCTCATCCCTGCGTGTCTCCGACtcagTGCCACGAACgatCCTACGGGAGGCAGCAG;PBU_23;123;c4;g1;CTRL;ctrl;ctrl;Feces_d0;gr1day0;F_CTRL;Fgr1day0;;;;;;;;;;;;;;265.8;;;;
c4_R11F0G1;R11F0G1;11;R11;6;d0;Feces;Sample;CAGAAGGAAC;5;160;7.14;6.79;CCATCTCATCCCTGCGTGTCTCCGACtcagCAGAAGGAACgatCCTACGGGAGGCAGCAG;PBU_5;105;c4;g1;CTRL;ctrl;ctrl;Feces_d0;gr1day0;F_CTRL;Fgr1day0;;;;;;;;;;;;;;271.1;;;;
c4_R12F0G1;R12F0G1;12;R12;6;d0;Feces;Sample;TCAGTCCGAA;58;90;26.6;4.33;CCATCTCATCCCTGCGTGTCTCCGACtcagTCAGTCCGAACgatCCTACGGGAGGCAGCAG;PBU_58;158;c4;g1;CTRL;ctrl;ctrl;Feces_d0;gr1day0;F_CTRL;Fgr1day0;;;;;;;;;;;;;;296.6;;;;
c4_R13F0G2;R13F0G2;13;R13;7;d0;Feces;Sample;CCTGCCATTC;87;93;74.4;3.65;CCATCTCATCCCTGCGTGTCTCCGACtcagCCTGCCATTCGCgatCCTACGGGAGGCAGCAG;PBU_87;187;c4;g2;VAN;ctrl;van;Feces_d0;gr2day0;F_VAN;Fgr2day0;;;;;;;;;;;;;;217.7;;;;
c4_R14F0G2;R14F0G2;14;R14;7;d0;Feces;Sample;TTCGAGACGC;22;125;38;8.64;CCATCTCATCCCTGCGTGTCTCCGACtcagTTCGAGACGCgatCCTACGGGAGGCAGCAG;PBU_22;122;c4;g2;VAN;ctrl;van;Feces_d0;gr2day0;F_VAN;Fgr2day0;;;;;;;;;;;;;;246.2;;;;
c4_R15F0G2;R15F0G2;15;R15;8;d0;Feces;Sample;TCCTAACATA;61;118;65.8;3.28;CCATCTCATCCCTGCGTGTCTCCGACtcagTCCTAACATAACgatCCTACGGGAGGCAGCAG;PBU_61;161;c4;g2;VAN;ctrl;van;Feces_d0;gr2day0;F_VAN;Fgr2day0;;;;;;;;;;;;;;267.6;;;;
c4_R16F0G2;R16F0G2;16;R16;8;d0;Feces;Sample;CTTGGTTATT;90;103;67.8;7;CCATCTCATCCCTGCGTGTCTCCGACtcagCTTGGTTATTCgatCCTACGGGAGGCAGCAG;PBU_90;190;c4;g2;VAN;ctrl;van;Feces_d0;gr2day0;F_VAN;Fgr2day0;;;;;;;;;;;;;;255.8;;;;
c4_R17F0G2;R17F0G2;17;R17;9;d0;Feces;Sample;CGATCGGTTC;37;132;47.6;4.22;CCATCTCATCCCTGCGTGTCTCCGACtcagCGATCGGTTCgatCCTACGGGAGGCAGCAG;PBU_37;137;c4;g2;VAN;ctrl;van;Feces_d0;gr2day0;F_VAN;Fgr2day0;;;;;;;;;;;;;;268.2;;;;
c4_R18F0G2;R18F0G2;18;R18;9;d0;Feces;Sample;TTGGCATCTC;40;105;44.2;4.21;CCATCTCATCCCTGCGTGTCTCCGACtcagTTGGCATCTCgatCCTACGGGAGGCAGCAG;PBU_40;140;c4;g2;VAN;ctrl;van;Feces_d0;gr2day0;F_VAN;Fgr2day0;;;;;;;;;;;;;;266.1;;;;
c4_R19F0G2;R19F0G2;19;R19;10;d0;Feces;Sample;CAGATCCATC;20;100;42.4;3.86;CCATCTCATCCCTGCGTGTCTCCGACtcagCAGATCCATCgatCCTACGGGAGGCAGCAG;PBU_20;120;c4;g2;VAN;ctrl;van;Feces_d0;gr2day0;F_VAN;Fgr2day0;;;;;;;;;;;;;;256.1;;;;
c4_R20F0G2;R20F0G2;20;R20;10;d0;Feces;Sample;TAACAATCGG;46;96;35.6;6.28;CCATCTCATCCCTGCGTGTCTCCGACtcagTAACAATCGGCgatCCTACGGGAGGCAGCAG;PBU_46;146;c4;g2;VAN;ctrl;van;Feces_d0;gr2day0;F_VAN;Fgr2day0;;;;;;;;;;;;;;285;;;;
c4_R21F0G2;R21F0G2;21;R21;11;d0;Feces;Sample;AAGGAATCGT;52;119;50;4.55;CCATCTCATCCCTGCGTGTCTCCGACtcagAAGGAATCGTCgatCCTACGGGAGGCAGCAG;PBU_52;152;c4;g2;VAN;ctrl;van;Feces_d0;gr2day0;F_VAN;Fgr2day0;;;;;;;;;;;;;;262.4;;;;
c4_R22F0G2;R22F0G2;22;R22;11;d0;Feces;Sample;TCGACCACTC;29;102;18.8;2.78;CCATCTCATCCCTGCGTGTCTCCGACtcagTCGACCACTCgatCCTACGGGAGGCAGCAG;PBU_29;129;c4;g2;VAN;ctrl;van;Feces_d0;gr2day0;F_VAN;Fgr2day0;;;;;;;;;;;;;;291.8;;;;
c4_R23F0G2;R23F0G2;23;R23;12;d0;Feces;Sample;TCGCATCGTT;50;113;43.8;4.26;CCATCTCATCCCTGCGTGTCTCCGACtcagTCGCATCGTTCgatCCTACGGGAGGCAGCAG;PBU_50;150;c4;g2;VAN;ctrl;van;Feces_d0;gr2day0;F_VAN;Fgr2day0;;;;;;;;;;;;;;292.3;;;;
c4_R24F0G2;R24F0G2;24;R24;12;d0;Feces;Sample;CTAAGGTAAC;1;132;4.28;6.07;CCATCTCATCCCTGCGTGTCTCCGACtcagCTAAGGTAACgatCCTACGGGAGGCAGCAG;PBU_1;101;c4;g2;VAN;ctrl;van;Feces_d0;gr2day0;F_VAN;Fgr2day0;;;;;;;;;;;;;;280.6;;;;
c4_R25F0G3;R25F0G3;25;R25;13;d0;Feces;Sample;CGGAAGGATG;94;112;60.2;3.91;CCATCTCATCCCTGCGTGTCTCCGACtcagCGGAAGGATGCgatCCTACGGGAGGCAGCAG;PBU_94;194;c4;g3;PFOS;pfos;ctrl;Feces_d0;gr3day0;F_PFOS;Fgr3day0;;;;;;;;;;;;;;339.3;;;;
c4_R26F0G3;R26F0G3;26;R26;13;d0;Feces;Sample;CCTGAGATAC;25;100;51;2.74;CCATCTCATCCCTGCGTGTCTCCGACtcagCCTGAGATACgatCCTACGGGAGGCAGCAG;PBU_25;125;c4;g3;PFOS;pfos;ctrl;Feces_d0;gr3day0;F_PFOS;Fgr3day0;;;;;;;;;;;;;;237.8;;;;
c4_R27F0G3;R27F0G3;27;R27;14;d0;Feces;Sample;TTCAATTGGC;34;103;62.2;6.05;CCATCTCATCCCTGCGTGTCTCCGACtcagTTCAATTGGCgatCCTACGGGAGGCAGCAG;PBU_34;134;c4;g3;PFOS;pfos;ctrl;Feces_d0;gr3day0;F_PFOS;Fgr3day0;;;;;;;;;;;;;;270.1;;;;
c4_R28F0G3;R28F0G3;28;R28;14;d0;Feces;Sample;TTACAACCTC;26;189;91;4.37;CCATCTCATCCCTGCGTGTCTCCGACtcagTTACAACCTCgatCCTACGGGAGGCAGCAG;PBU_26;126;c4;g3;PFOS;pfos;ctrl;Feces_d0;gr3day0;F_PFOS;Fgr3day0;;;;;;;;;;;;;;241.7;;;;
c4_R29F0G3;R29F0G3;29;R29;15;d0;Feces;Sample;CGGAAGAACC;83;156;68;8.96;CCATCTCATCCCTGCGTGTCTCCGACtcagCGGAAGAACCTCgatCCTACGGGAGGCAGCAG;PBU_83;183;c4;g3;PFOS;pfos;ctrl;Feces_d0;gr3day0;F_PFOS;Fgr3day0;;;;;;;;;;;;;;239.3;;;;
c4_R30F0G3;R30F0G3;30;R30;15;d0;Feces;Sample;CGAGGTTATC;30;89;46.6;3.14;CCATCTCATCCCTGCGTGTCTCCGACtcagCGAGGTTATCgatCCTACGGGAGGCAGCAG;PBU_30;130;c4;g3;PFOS;pfos;ctrl;Feces_d0;gr3day0;F_PFOS;Fgr3day0;;;;;;;;;;;;;;258.1;;;;
c4_R31F0G3;R31F0G3;31;R31;16;d0;Feces;Sample;TCCACCTCCT;67;101;45.2;4.77;CCATCTCATCCCTGCGTGTCTCCGACtcagTCCACCTCCTCgatCCTACGGGAGGCAGCAG;PBU_67;167;c4;g3;PFOS;pfos;ctrl;Feces_d0;gr3day0;F_PFOS;Fgr3day0;;;;;;;;;;;;;;282.7;;;;
c4_R32F0G3;R32F0G3;32;R32;16;d0;Feces;Sample;TTCTCATTGA;49;100;81.8;4.31;CCATCTCATCCCTGCGTGTCTCCGACtcagTTCTCATTGAACgatCCTACGGGAGGCAGCAG;PBU_49;149;c4;g3;PFOS;pfos;ctrl;Feces_d0;gr3day0;F_PFOS;Fgr3day0;;;;;;;;;;;;;;254.9;;;;
c4_R33F0G3;R33F0G3;33;R33;17;d0;Feces;Sample;CGAAGCGATT;84;108;50.6;1.78;CCATCTCATCCCTGCGTGTCTCCGACtcagCGAAGCGATTCgatCCTACGGGAGGCAGCAG;PBU_84;184;c4;g3;PFOS;pfos;ctrl;Feces_d0;gr3day0;F_PFOS;Fgr3day0;;;;;;;;;;;;;;263.5;;;;
c4_R34F0G3;R34F0G3;34;R34;17;d0;Feces;Sample;TCAGGAATAC;38;185;87.6;4.96;CCATCTCATCCCTGCGTGTCTCCGACtcagTCAGGAATACgatCCTACGGGAGGCAGCAG;PBU_38;138;c4;g3;PFOS;pfos;ctrl;Feces_d0;gr3day0;F_PFOS;Fgr3day0;;;;;;;;;;;;;;266.6;;;;
c4_R35F0G3;R35F0G3;35;R35;18;d0;Feces;Sample;TTAGTCGGAC;19;127;110;5.45;CCATCTCATCCCTGCGTGTCTCCGACtcagTTAGTCGGACgatCCTACGGGAGGCAGCAG;PBU_19;119;c4;g3;PFOS;pfos;ctrl;Feces_d0;gr3day0;F_PFOS;Fgr3day0;;;;;;;;;;;;;;283.2;;;;
c4_R36F0G3;R36F0G3;36;R36;18;d0;Feces;Sample;TGGAGGACGG;54;118;86.4;2.84;CCATCTCATCCCTGCGTGTCTCCGACtcagTGGAGGACGGACgatCCTACGGGAGGCAGCAG;PBU_54;154;c4;g3;PFOS;pfos;ctrl;Feces_d0;gr3day0;F_PFOS;Fgr3day0;;;;;;;;;;;;;;218;;;;
c4_R37F0G4;R37F0G4;37;R37;19;d0;Feces;Sample;CCGGAGAATC;66;109;28.8;2.51;CCATCTCATCCCTGCGTGTCTCCGACtcagCCGGAGAATCGCgatCCTACGGGAGGCAGCAG;PBU_66;166;c4;g4;VAN+PFOS;pfos;van;Feces_d0;gr4day0;F_VAN+PFOS;Fgr4day0;;;;;;;;;;;;;;299.2;;;;
c4_R38F0G4;R38F0G4;38;R38;19;d0;Feces;Sample;TTGAGCCTAT;63;92;23.2;5.24;CCATCTCATCCCTGCGTGTCTCCGACtcagTTGAGCCTATTCgatCCTACGGGAGGCAGCAG;PBU_63;163;c4;g4;VAN+PFOS;pfos;van;Feces_d0;gr4day0;F_VAN+PFOS;Fgr4day0;;;;;;;;;;;;;;291.6;;;;
c4_R39F0G4;R39F0G4;39;R39;20;d0;Feces;Sample;CTGCAAGTTC;6;128;10.4;3.47;CCATCTCATCCCTGCGTGTCTCCGACtcagCTGCAAGTTCgatCCTACGGGAGGCAGCAG;PBU_6;106;c4;g4;VAN+PFOS;pfos;van;Feces_d0;gr4day0;F_VAN+PFOS;Fgr4day0;;;;;;;;;;;;;;231.7;;;;
c4_R40F0G4;R40F0G4;40;R40;20;d0;Feces;Sample;TAAGCCATTG;51;195;174;3.87;CCATCTCATCCCTGCGTGTCTCCGACtcagTAAGCCATTGTCgatCCTACGGGAGGCAGCAG;PBU_51;151;c4;g4;VAN+PFOS;pfos;van;Feces_d0;gr4day0;F_VAN+PFOS;Fgr4day0;;;;;;;;;;;;;;280.1;;;;
c4_R41F0G4;R41F0G4;41;R41;21;d0;Feces;Sample;CTGACATAAT;47;113;106;5.98;CCATCTCATCCCTGCGTGTCTCCGACtcagCTGACATAATCgatCCTACGGGAGGCAGCAG;PBU_47;147;c4;g4;VAN+PFOS;pfos;van;Feces_d0;gr4day0;F_VAN+PFOS;Fgr4day0;;;;;;;;;;;;;;257.7;;;;
c4_R42F0G4;R42F0G4;42;R42;21;d0;Feces;Sample;AGGCAATTGC;18;95;24.2;5.36;CCATCTCATCCCTGCGTGTCTCCGACtcagAGGCAATTGCgatCCTACGGGAGGCAGCAG;PBU_18;118;c4;g4;VAN+PFOS;pfos;van;Feces_d0;gr4day0;F_VAN+PFOS;Fgr4day0;;;;;;;;;;;;;;239.5;;;;
c4_R43F0G4;R43F0G4;43;R43;22;d0;Feces;Sample;TCCGACAAGC;43;105;102;3.7;CCATCTCATCCCTGCGTGTCTCCGACtcagTCCGACAAGCgatCCTACGGGAGGCAGCAG;PBU_43;143;c4;g4;VAN+PFOS;pfos;van;Feces_d0;gr4day0;F_VAN+PFOS;Fgr4day0;;;;;;;;;;;;;;291.7;;;;
c4_R44F0G4;R44F0G4;44;R44;22;d0;Feces;Sample;CCTACTGGTC;35;174;76.8;5.78;CCATCTCATCCCTGCGTGTCTCCGACtcagCCTACTGGTCgatCCTACGGGAGGCAGCAG;PBU_35;135;c4;g4;VAN+PFOS;pfos;van;Feces_d0;gr4day0;F_VAN+PFOS;Fgr4day0;;;;;;;;;;;;;;261.3;;;;
c4_R45F0G4;R45F0G4;45;R45;23;d0;Feces;Sample;ATCCGGAATC;28;185;110;4.32;CCATCTCATCCCTGCGTGTCTCCGACtcagATCCGGAATCgatCCTACGGGAGGCAGCAG;PBU_28;128;c4;g4;VAN+PFOS;pfos;van;Feces_d0;gr4day0;F_VAN+PFOS;Fgr4day0;;;;;;;;;;;;;;233.9;;;;
c4_R46F0G4;R46F0G4;46;R46;23;d0;Feces;Sample;TTGGAGGCCA;56;87;34.4;3.33;CCATCTCATCCCTGCGTGTCTCCGACtcagTTGGAGGCCAGCgatCCTACGGGAGGCAGCAG;PBU_56;156;c4;g4;VAN+PFOS;pfos;van;Feces_d0;gr4day0;F_VAN+PFOS;Fgr4day0;;;;;;;;;;;;;;254;;;;
c4_R47F0G4;R47F0G4;47;R47;24;d0;Feces;Sample;TCTTACACAC;32;84;31.6;3.72;CCATCTCATCCCTGCGTGTCTCCGACtcagTCTTACACACgatCCTACGGGAGGCAGCAG;PBU_32;132;c4;g4;VAN+PFOS;pfos;van;Feces_d0;gr4day0;F_VAN+PFOS;Fgr4day0;;;;;;;;;;;;;;241.6;;;;
c4_R48F0G4;R48F0G4;48;R48;24;d0;Feces;Sample;CTAACCACGG;93;91;22.6;4.14;CCATCTCATCCCTGCGTGTCTCCGACtcagCTAACCACGGCgatCCTACGGGAGGCAGCAG;PBU_93;193;c4;g4;VAN+PFOS;pfos;van;Feces_d0;gr4day0;F_VAN+PFOS;Fgr4day0;;;;;;;;;;;;;;223.5;;;;
c3_R01F2G1;R01F2G1;1;R01;1;d2;Feces;Sample;TTGGCTGGAC;42;127;19.2;2.16;CCATCTCATCCCTGCGTGTCTCCGACtcagTTGGCTGGACgatCCTACGGGAGGCAGCAG;PBU_42;342;c3;g1;CTRL;ctrl;ctrl;Feces_d2;gr1day2;F_CTRL;Fgr1day2;;;;;;;;;;;;;;324.7;;;;
c3_R02F2G1;R02F2G1;2;R02;1;d2;Feces;Sample;TTGGAGTGTC;14;135;7.36;2.24;CCATCTCATCCCTGCGTGTCTCCGACtcagTTGGAGTGTCgatCCTACGGGAGGCAGCAG;PBU_14;314;c3;g1;CTRL;ctrl;ctrl;Feces_d2;gr1day2;F_CTRL;Fgr1day2;;;;;;;;;;;;;;249.6;;;;
c3_R03F2G1;R03F2G1;3;R03;2;d2;Feces;Sample;TCCTGGCACA;77;182;76.2;8.38;CCATCTCATCCCTGCGTGTCTCCGACtcagTCCTGGCACATCgatCCTACGGGAGGCAGCAG;PBU_77;377;c3;g1;CTRL;ctrl;ctrl;Feces_d2;gr1day2;F_CTRL;Fgr1day2;;;;;;;;;;;;;;242.8;;;;
c3_R04F2G1;R04F2G1;4;R04;2;d2;Feces;Sample;TAAGGAGAAC;2;159.5;30.6;5.7;CCATCTCATCCCTGCGTGTCTCCGACtcagTAAGGAGAACgatCCTACGGGAGGCAGCAG;PBU_2;302;c3;g1;CTRL;ctrl;ctrl;Feces_d2;gr1day2;F_CTRL;Fgr1day2;;;;;;;;;;;;;;303.8;;;;
c3_R05F2G1;R05F2G1;5;R05;3;d2;Feces;Sample;TTCAATTGGC;34;36;3.36;2.24;CCATCTCATCCCTGCGTGTCTCCGACtcagTTCAATTGGCgatCCTACGGGAGGCAGCAG;PBU_34;334;c3;g1;CTRL;ctrl;ctrl;Feces_d2;gr1day2;F_CTRL;Fgr1day2;;;;;;;;;;;;;;222.4;;;;
c3_R06F2G1;R06F2G1;6;R06;3;d2;Feces;Sample;CCTTAGAGTT;75;268;60.4;5.68;CCATCTCATCCCTGCGTGTCTCCGACtcagCCTTAGAGTTCgatCCTACGGGAGGCAGCAG;PBU_75;375;c3;g1;CTRL;ctrl;ctrl;Feces_d2;gr1day2;F_CTRL;Fgr1day2;;;;;;;;;;;;;;284.8;;;;
c3_R07F2G1;R07F2G1;7;R07;4;d2;Feces;Sample;TTGAGCCTAT;63;106;16.9;5.52;CCATCTCATCCCTGCGTGTCTCCGACtcagTTGAGCCTATTCgatCCTACGGGAGGCAGCAG;PBU_63;363;c3;g1;CTRL;ctrl;ctrl;Feces_d2;gr1day2;F_CTRL;Fgr1day2;;;;;;;;;;;;;;290.8;;;;
c3_R08F2G1;R08F2G1;8;R08;4;d2;Feces;Sample;TCTATTCGTC;17;170.2;64;7.14;CCATCTCATCCCTGCGTGTCTCCGACtcagTCTATTCGTCgatCCTACGGGAGGCAGCAG;PBU_17;317;c3;g1;CTRL;ctrl;ctrl;Feces_d2;gr1day2;F_CTRL;Fgr1day2;;;;;;;;;;;;;;268.1;;;;
c3_R09F2G1;R09F2G1;9;R09;5;d2;Feces;Sample;CCGCAATCAT;78;236;45.8;2.66;CCATCTCATCCCTGCGTGTCTCCGACtcagCCGCAATCATCgatCCTACGGGAGGCAGCAG;PBU_78;378;c3;g1;CTRL;ctrl;ctrl;Feces_d2;gr1day2;F_CTRL;Fgr1day2;;;;;;;;;;;;;;289.8;;;;
c3_R10F2G1;R10F2G1;10;R10;5;d2;Feces;Sample;CGAAGCGATT;84;94.2;43;2.1;CCATCTCATCCCTGCGTGTCTCCGACtcagCGAAGCGATTCgatCCTACGGGAGGCAGCAG;PBU_84;384;c3;g1;CTRL;ctrl;ctrl;Feces_d2;gr1day2;F_CTRL;Fgr1day2;;;;;;;;;;;;;;275.2;;;;
c3_R11F2G1;R11F2G1;11;R11;6;d2;Feces;Sample;CTTCCATAAC;41;167.1;55.6;6.02;CCATCTCATCCCTGCGTGTCTCCGACtcagCTTCCATAACgatCCTACGGGAGGCAGCAG;PBU_41;341;c3;g1;CTRL;ctrl;ctrl;Feces_d2;gr1day2;F_CTRL;Fgr1day2;;;;;;;;;;;;;;287.2;;;;
c3_R12F2G1;R12F2G1;12;R12;6;d2;Feces;Sample;TCCTAGAACA;70;209;77.4;5.16;CCATCTCATCCCTGCGTGTCTCCGACtcagTCCTAGAACACgatCCTACGGGAGGCAGCAG;PBU_70;370;c3;g1;CTRL;ctrl;ctrl;Feces_d2;gr1day2;F_CTRL;Fgr1day2;;;;;;;;;;;;;;315.8;;;;
c3_R13F2G2;R13F2G2;13;R13;7;d2;Feces;Sample;TTGGAGGCCA;56;103;108;2.36;CCATCTCATCCCTGCGTGTCTCCGACtcagTTGGAGGCCAGCgatCCTACGGGAGGCAGCAG;PBU_56;356;c3;g2;VAN;ctrl;van;Feces_d2;gr2day2;F_VAN;Fgr2day2;;;;;;;;;;;;;;228.4;;;;
c3_R14F2G2;R14F2G2;14;R14;7;d2;Feces;Sample;TCACTCGGAT;73;148;29.6;7.16;CCATCTCATCCCTGCGTGTCTCCGACtcagTCACTCGGATCgatCCTACGGGAGGCAGCAG;PBU_73;373;c3;g2;VAN;ctrl;van;Feces_d2;gr2day2;F_VAN;Fgr2day2;;;;;;;;;;;;;;259.9;;;;
c3_R15F2G2;R15F2G2;15;R15;8;d2;Feces;Sample;TCGCATCGTT;50;166.1;63.6;3.56;CCATCTCATCCCTGCGTGTCTCCGACtcagTCGCATCGTTCgatCCTACGGGAGGCAGCAG;PBU_50;350;c3;g2;VAN;ctrl;van;Feces_d2;gr2day2;F_VAN;Fgr2day2;;;;;;;;;;;;;;283.2;;;;
c3_R16F2G2;R16F2G2;16;R16;8;d2;Feces;Sample;TCCAAGCTGC;31;190.2;90.4;3.32;CCATCTCATCCCTGCGTGTCTCCGACtcagTCCAAGCTGCgatCCTACGGGAGGCAGCAG;PBU_31;331;c3;g2;VAN;ctrl;van;Feces_d2;gr2day2;F_VAN;Fgr2day2;;;;;;;;;;;;;;267.5;;;;
c3_R17F2G2;R17F2G2;17;R17;9;d2;Feces;Sample;CGGACAATGG;62;219.2;43.6;2.36;CCATCTCATCCCTGCGTGTCTCCGACtcagCGGACAATGGCgatCCTACGGGAGGCAGCAG;PBU_62;362;c3;g2;VAN;ctrl;van;Feces_d2;gr2day2;F_VAN;Fgr2day2;;;;;;;;;;;;;;273.7;;;;
c3_R18F2G2;R18F2G2;18;R18;9;d2;Feces;Sample;CTAGGACATT;88;196;74.6;3.72;CCATCTCATCCCTGCGTGTCTCCGACtcagCTAGGACATTCgatCCTACGGGAGGCAGCAG;PBU_88;388;c3;g2;VAN;ctrl;van;Feces_d2;gr2day2;F_VAN;Fgr2day2;;;;;;;;;;;;;;281.9;;;;
c3_R19F2G2;R19F2G2;19;R19;10;d2;Feces;Sample;CAGAAGGAAC;5;65.6;36;5.46;CCATCTCATCCCTGCGTGTCTCCGACtcagCAGAAGGAACgatCCTACGGGAGGCAGCAG;PBU_5;305;c3;g2;VAN;ctrl;van;Feces_d2;gr2day2;F_VAN;Fgr2day2;;;;;;;;;;;;;;269;;;;
c3_R20F2G2;R20F2G2;20;R20;10;d2;Feces;Sample;AGGCAATTGC;18;68;52.6;3.46;CCATCTCATCCCTGCGTGTCTCCGACtcagAGGCAATTGCgatCCTACGGGAGGCAGCAG;PBU_18;318;c3;g2;VAN;ctrl;van;Feces_d2;gr2day2;F_VAN;Fgr2day2;;;;;;;;;;;;;;301.3;;;;
c3_R21F2G2;R21F2G2;21;R21;11;d2;Feces;Sample;TACCAAGATC;4;178.5;33;3.06;CCATCTCATCCCTGCGTGTCTCCGACtcagTACCAAGATCgatCCTACGGGAGGCAGCAG;PBU_4;304;c3;g2;VAN;ctrl;van;Feces_d2;gr2day2;F_VAN;Fgr2day2;;;;;;;;;;;;;;273.7;;;;
c3_R22F2G2;R22F2G2;22;R22;11;d2;Feces;Sample;CAGATCCATC;20;184;70.4;3.34;CCATCTCATCCCTGCGTGTCTCCGACtcagCAGATCCATCgatCCTACGGGAGGCAGCAG;PBU_20;320;c3;g2;VAN;ctrl;van;Feces_d2;gr2day2;F_VAN;Fgr2day2;;;;;;;;;;;;;;300.7;;;;
c3_R23F2G2;R23F2G2;23;R23;12;d2;Feces;Sample;TAACAATCGG;46;81.1;29.2;7.3;CCATCTCATCCCTGCGTGTCTCCGACtcagTAACAATCGGCgatCCTACGGGAGGCAGCAG;PBU_46;346;c3;g2;VAN;ctrl;van;Feces_d2;gr2day2;F_VAN;Fgr2day2;;;;;;;;;;;;;;306.8;;;;
c3_R24F2G2;R24F2G2;24;R24;12;d2;Feces;Sample;CTTGTCCAAT;96;259;29.6;5.76;CCATCTCATCCCTGCGTGTCTCCGACtcagCTTGTCCAATCgatCCTACGGGAGGCAGCAG;PBU_96;396;c3;g2;VAN;ctrl;van;Feces_d2;gr2day2;F_VAN;Fgr2day2;;;;;;;;;;;;;;294.3;;;;
c3_R25F2G3;R25F2G3;25;R25;13;d2;Feces;Sample;TGCCACGAAC;23;94.8;57.8;1.72;CCATCTCATCCCTGCGTGTCTCCGACtcagTGCCACGAACgatCCTACGGGAGGCAGCAG;PBU_23;323;c3;g3;PFOS;pfos;ctrl;Feces_d2;gr3day2;F_PFOS;Fgr3day2;;;;;;;;;;;;;;352.8;;;;
c3_R26F2G3;R26F2G3;26;R26;13;d2;Feces;Sample;TTAGTCGGAC;19;156;24.8;3.58;CCATCTCATCCCTGCGTGTCTCCGACtcagTTAGTCGGACgatCCTACGGGAGGCAGCAG;PBU_19;319;c3;g3;PFOS;pfos;ctrl;Feces_d2;gr3day2;F_PFOS;Fgr3day2;;;;;;;;;;;;;;248;;;;
c3_R27F2G3;R27F2G3;27;R27;14;d2;Feces;Sample;CCTGCCATTC;87;215;78.4;6.46;CCATCTCATCCCTGCGTGTCTCCGACtcagCCTGCCATTCGCgatCCTACGGGAGGCAGCAG;PBU_87;387;c3;g3;PFOS;pfos;ctrl;Feces_d2;gr3day2;F_PFOS;Fgr3day2;;;;;;;;;;;;;;284.5;;;;
c3_R28F2G3;R28F2G3;28;R28;14;d2;Feces;Sample;AGCACGAATC;33;98;76.4;3.42;CCATCTCATCCCTGCGTGTCTCCGACtcagAGCACGAATCgatCCTACGGGAGGCAGCAG;PBU_33;333;c3;g3;PFOS;pfos;ctrl;Feces_d2;gr3day2;F_PFOS;Fgr3day2;;;;;;;;;;;;;;251.8;;;;
c3_R29F2G3;R29F2G3;29;R29;15;d2;Feces;Sample;CTGCAAGTTC;6;143;19.6;2.16;CCATCTCATCCCTGCGTGTCTCCGACtcagCTGCAAGTTCgatCCTACGGGAGGCAGCAG;PBU_6;306;c3;g3;PFOS;pfos;ctrl;Feces_d2;gr3day2;F_PFOS;Fgr3day2;;;;;;;;;;;;;;248.3;;;;
c3_R30F2G3;R30F2G3;30;R30;15;d2;Feces;Sample;CGGAAGGATG;94;89.5;51.8;4.66;CCATCTCATCCCTGCGTGTCTCCGACtcagCGGAAGGATGCgatCCTACGGGAGGCAGCAG;PBU_94;394;c3;g3;PFOS;pfos;ctrl;Feces_d2;gr3day2;F_PFOS;Fgr3day2;;;;;;;;;;;;;;264.7;;;;
c3_R31F2G3;R31F2G3;31;R31;16;d2;Feces;Sample;CTGAGTTCCG;76;187.8;28;2.84;CCATCTCATCCCTGCGTGTCTCCGACtcagCTGAGTTCCGACgatCCTACGGGAGGCAGCAG;PBU_76;376;c3;g3;PFOS;pfos;ctrl;Feces_d2;gr3day2;F_PFOS;Fgr3day2;;;;;;;;;;;;;;292.9;;;;
c3_R32F2G3;R32F2G3;32;R32;16;d2;Feces;Sample;CGGAAGAACC;83;114;15.2;7.3;CCATCTCATCCCTGCGTGTCTCCGACtcagCGGAAGAACCTCgatCCTACGGGAGGCAGCAG;PBU_83;383;c3;g3;PFOS;pfos;ctrl;Feces_d2;gr3day2;F_PFOS;Fgr3day2;;;;;;;;;;;;;;268.6;;;;
c3_R33F2G3;R33F2G3;33;R33;17;d2;Feces;Sample;TCTAACGGAC;13;101.5;42.6;1.63;CCATCTCATCCCTGCGTGTCTCCGACtcagTCTAACGGACgatCCTACGGGAGGCAGCAG;PBU_13;313;c3;g3;PFOS;pfos;ctrl;Feces_d2;gr3day2;F_PFOS;Fgr3day2;;;;;;;;;;;;;;278;;;;
c3_R34F2G3;R34F2G3;34;R34;17;d2;Feces;Sample;AAGAGGATTC;3;125;24.2;2.72;CCATCTCATCCCTGCGTGTCTCCGACtcagAAGAGGATTCgatCCTACGGGAGGCAGCAG;PBU_3;303;c3;g3;PFOS;pfos;ctrl;Feces_d2;gr3day2;F_PFOS;Fgr3day2;;;;;;;;;;;;;;283.6;;;;
c3_R35F2G3;R35F2G3;35;R35;18;d2;Feces;Sample;TTGGCATCTC;40;137;98.6;5.58;CCATCTCATCCCTGCGTGTCTCCGACtcagTTGGCATCTCgatCCTACGGGAGGCAGCAG;PBU_40;340;c3;g3;PFOS;pfos;ctrl;Feces_d2;gr3day2;F_PFOS;Fgr3day2;;;;;;;;;;;;;;300.6;;;;
c3_R36F2G3;R36F2G3;36;R36;18;d2;Feces;Sample;TCTAGAGGTC;15;156.7;43.4;8.04;CCATCTCATCCCTGCGTGTCTCCGACtcagTCTAGAGGTCgatCCTACGGGAGGCAGCAG;PBU_15;315;c3;g3;PFOS;pfos;ctrl;Feces_d2;gr3day2;F_PFOS;Fgr3day2;;;;;;;;;;;;;;229.3;;;;
c3_R37F2G4;R37F2G4;37;R37;19;d2;Feces;Sample;TTCTAAGAGA;60;128;9.58;3.44;CCATCTCATCCCTGCGTGTCTCCGACtcagTTCTAAGAGACgatCCTACGGGAGGCAGCAG;PBU_60;360;c3;g4;VAN+PFOS;pfos;van;Feces_d2;gr4day2;F_VAN+PFOS;Fgr4day2;;;;;;;;;;;;;;306.3;;;;
c3_R38F2G4;R38F2G4;38;R38;19;d2;Feces;Sample;TTACAACCTC;26;124;48.4;3.86;CCATCTCATCCCTGCGTGTCTCCGACtcagTTACAACCTCgatCCTACGGGAGGCAGCAG;PBU_26;326;c3;g4;VAN+PFOS;pfos;van;Feces_d2;gr4day2;F_VAN+PFOS;Fgr4day2;;;;;;;;;;;;;;307.3;;;;
c3_R39F2G4;R39F2G4;39;R39;20;d2;Feces;Sample;TCTGGCAACG;69;133.4;22.8;4.86;CCATCTCATCCCTGCGTGTCTCCGACtcagTCTGGCAACGGCgatCCTACGGGAGGCAGCAG;PBU_69;369;c3;g4;VAN+PFOS;pfos;van;Feces_d2;gr4day2;F_VAN+PFOS;Fgr4day2;;;;;;;;;;;;;;244.2;;;;
c3_R40F2G4;R40F2G4;40;R40;20;d2;Feces;Sample;TTCCACTTCG;48;170.4;91.8;7.78;CCATCTCATCCCTGCGTGTCTCCGACtcagTTCCACTTCGCgatCCTACGGGAGGCAGCAG;PBU_48;348;c3;g4;VAN+PFOS;pfos;van;Feces_d2;gr4day2;F_VAN+PFOS;Fgr4day2;;;;;;;;;;;;;;294;;;;
c3_R41F2G4;R41F2G4;41;R41;21;d2;Feces;Sample;TGGAGGACGG;54;182.5;32.4;1.9;CCATCTCATCCCTGCGTGTCTCCGACtcagTGGAGGACGGACgatCCTACGGGAGGCAGCAG;PBU_54;354;c3;g4;VAN+PFOS;pfos;van;Feces_d2;gr4day2;F_VAN+PFOS;Fgr4day2;;;;;;;;;;;;;;274.1;;;;
c3_R42F2G4;R42F2G4;42;R42;21;d2;Feces;Sample;CTTGACACCG;55;108;26.2;3.94;CCATCTCATCCCTGCGTGTCTCCGACtcagCTTGACACCGCgatCCTACGGGAGGCAGCAG;PBU_55;355;c3;g4;VAN+PFOS;pfos;van;Feces_d2;gr4day2;F_VAN+PFOS;Fgr4day2;;;;;;;;;;;;;;251.4;;;;
c3_R43F2G4;R43F2G4;43;R43;22;d2;Feces;Sample;CAGCATTAAT;68;166.1;39.8;2.72;CCATCTCATCCCTGCGTGTCTCCGACtcagCAGCATTAATTCgatCCTACGGGAGGCAGCAG;PBU_68;368;c3;g4;VAN+PFOS;pfos;van;Feces_d2;gr4day2;F_VAN+PFOS;Fgr4day2;;;;;;;;;;;;;;300.5;;;;
c3_R44F2G4;R44F2G4;44;R44;22;d2;Feces;Sample;CCAGCCTCAA;89;145.8;76.4;8.2;CCATCTCATCCCTGCGTGTCTCCGACtcagCCAGCCTCAACgatCCTACGGGAGGCAGCAG;PBU_89;389;c3;g4;VAN+PFOS;pfos;van;Feces_d2;gr4day2;F_VAN+PFOS;Fgr4day2;;;;;;;;;;;;;;277;;;;
c3_R45F2G4;R45F2G4;45;R45;23;d2;Feces;Sample;CCTGGTTGTC;39;186.4;100;5.48;CCATCTCATCCCTGCGTGTCTCCGACtcagCCTGGTTGTCgatCCTACGGGAGGCAGCAG;PBU_39;339;c3;g4;VAN+PFOS;pfos;van;Feces_d2;gr4day2;F_VAN+PFOS;Fgr4day2;;;;;;;;;;;;;;243.9;;;;
c3_R46F2G4;R46F2G4;46;R46;23;d2;Feces;Sample;CTTGGTTATT;90;190;80;4.32;CCATCTCATCCCTGCGTGTCTCCGACtcagCTTGGTTATTCgatCCTACGGGAGGCAGCAG;PBU_90;390;c3;g4;VAN+PFOS;pfos;van;Feces_d2;gr4day2;F_VAN+PFOS;Fgr4day2;;;;;;;;;;;;;;260.5;;;;
c3_R47F2G4;R47F2G4;47;R47;24;d2;Feces;Sample;CCGGAGAATC;66;103.4;42;4.78;CCATCTCATCCCTGCGTGTCTCCGACtcagCCGGAGAATCGCgatCCTACGGGAGGCAGCAG;PBU_66;366;c3;g4;VAN+PFOS;pfos;van;Feces_d2;gr4day2;F_VAN+PFOS;Fgr4day2;;;;;;;;;;;;;;254.6;;;;
c3_R48F2G4;R48F2G4;48;R48;24;d2;Feces;Sample;TCAAGAAGTT;80;126.8;36;3.28;CCATCTCATCCCTGCGTGTCTCCGACtcagTCAAGAAGTTCgatCCTACGGGAGGCAGCAG;PBU_80;380;c3;g4;VAN+PFOS;pfos;van;Feces_d2;gr4day2;F_VAN+PFOS;Fgr4day2;;;;;;;;;;;;;;234.4;;;;
c3_R01F4G1;R01F4G1;1;R01;1;d4;Feces;Sample;TGGAGCTTCC;57;193;22.8;2.78;CCATCTCATCCCTGCGTGTCTCCGACtcagTGGAGCTTCCTCgatCCTACGGGAGGCAGCAG;PBU_57;357;c3;g1;CTRL;ctrl;ctrl;Feces_d4;gr1day4;F_CTRL;Fgr1day4;0;0;0.003037936;7.868664624;;0.392193101;0.107131688;1.710920079;0.066091452;0.059756633;;0.088022374;;350;;;;
c3_R02F4G1;R02F4G1;2;R02;1;d4;Feces;Sample;TTCCTACCAG;79;145;53.4;6.5;CCATCTCATCCCTGCGTGTCTCCGACtcagTTCCTACCAGTCgatCCTACGGGAGGCAGCAG;PBU_79;379;c3;g1;CTRL;ctrl;ctrl;Feces_d4;gr1day4;F_CTRL;Fgr1day4;0;0;0.00231814;7.529960838;;0.264897743;0.031722031;0.837188153;0.01943444;0.039310308;;0.015496245;;264.9;;;;
c3_R03F4G1;R03F4G1;3;R03;2;d4;Feces;Sample;CTAACCACGG;93;161.8;46.4;6.62;CCATCTCATCCCTGCGTGTCTCCGACtcagCTAACCACGGCgatCCTACGGGAGGCAGCAG;PBU_93;393;c3;g1;CTRL;ctrl;ctrl;Feces_d4;gr1day4;F_CTRL;Fgr1day4;0;0;0.00030543;7.334644386;;0.307603587;0.049579591;1.551263045;0.027955636;0.073316002;;0.106096092;;252.2;;;;
c3_R04F4G1;R04F4G1;4;R04;2;d4;Feces;Sample;TCCTTGATGT;71;158;35.2;9.22;CCATCTCATCCCTGCGTGTCTCCGACtcagTCCTTGATGTTCgatCCTACGGGAGGCAGCAG;PBU_71;371;c3;g1;CTRL;ctrl;ctrl;Feces_d4;gr1day4;F_CTRL;Fgr1day4;0;0;0.00048724;7.211623767;;0.400237553;0.050540267;1.404214302;0.034416294;0.030303735;;;;319.2;;;;
c3_R05F4G1;R05F4G1;5;R05;3;d4;Feces;Sample;TCGCAATTAC;21;55.6;9.44;4.08;CCATCTCATCCCTGCGTGTCTCCGACtcagTCGCAATTACgatCCTACGGGAGGCAGCAG;PBU_21;321;c3;g1;CTRL;ctrl;ctrl;Feces_d4;gr1day4;F_CTRL;Fgr1day4;;0.048;0.00096172;9.522715335;;0.227608736;0.049101773;2.427284909;0.026265857;0.045212862;;0.063080932;;231.1;;;;
c3_R06F4G1;R06F4G1;6;R06;3;d4;Feces;Sample;TTCCGATAAC;8;96;8.88;1.88;CCATCTCATCCCTGCGTGTCTCCGACtcagTTCCGATAACgatCCTACGGGAGGCAGCAG;PBU_8;308;c3;g1;CTRL;ctrl;ctrl;Feces_d4;gr1day4;F_CTRL;Fgr1day4;0.003;0;0.00057948;6.277652845;;0.229773614;0.039023602;1.212169357;0.021403719;0.054878086;;0.046317281;;297.2;;;;
c3_R07F4G1;R07F4G1;7;R07;4;d4;Feces;Sample;TCCTAACATA;61;137.2;110;5.44;CCATCTCATCCCTGCGTGTCTCCGACtcagTCCTAACATAACgatCCTACGGGAGGCAGCAG;PBU_61;361;c3;g1;CTRL;ctrl;ctrl;Feces_d4;gr1day4;F_CTRL;Fgr1day4;0;0;0.004492137;7.695139947;;0.280520044;0.071441389;1.922502227;0.049669642;0.069213867;0.057246297;0.069717902;;303.9;;;;
c3_R08F4G1;R08F4G1;8;R08;4;d4;Feces;Sample;CGAAGGCCAC;82;261;22.6;6.1;CCATCTCATCCCTGCGTGTCTCCGACtcagCGAAGGCCACACgatCCTACGGGAGGCAGCAG;PBU_82;382;c3;g1;CTRL;ctrl;ctrl;Feces_d4;gr1day4;F_CTRL;Fgr1day4;0;0;0.001593536;1.019506463;0.827624299;;;;;;0.037665984;;;277.7;;;;
c3_R09F4G1;R09F4G1;9;R09;5;d4;Feces;Sample;CTTGAGAATG;53;40;49.8;5.12;CCATCTCATCCCTGCGTGTCTCCGACtcagCTTGAGAATGTCgatCCTACGGGAGGCAGCAG;PBU_53;353;c3;g1;CTRL;ctrl;ctrl;Feces_d4;gr1day4;F_CTRL;Fgr1day4;0;0.08;0.001522365;7.035536133;;0.194235576;0.034381627;0.700025303;0.019891014;0.024465369;0.041231537;0.040585876;;296.1;;;;
c3_R10F4G1;R10F4G1;10;R10;5;d4;Feces;Sample;TGAGCGGAAC;9;121;8.06;1.91;CCATCTCATCCCTGCGTGTCTCCGACtcagTGAGCGGAACgatCCTACGGGAGGCAGCAG;PBU_9;309;c3;g1;CTRL;ctrl;ctrl;Feces_d4;gr1day4;F_CTRL;Fgr1day4;0;0;0.000909392;10.46552189;;0.348551601;0.06152928;1.330444376;0.042614778;0.060321534;0.042938139;0.060449375;0.042825291;291.1;;;;
c3_R11F4G1;R11F4G1;11;R11;6;d4;Feces;Sample;TCCGACAAGC;43;123;26;4.8;CCATCTCATCCCTGCGTGTCTCCGACtcagTCCGACAAGCgatCCTACGGGAGGCAGCAG;PBU_43;343;c3;g1;CTRL;ctrl;ctrl;Feces_d4;gr1day4;F_CTRL;Fgr1day4;0.002;0;0.006150927;8.556427946;;0.381443757;0.049378206;1.65193422;0.029312623;0.074905797;0.033963544;0.124649555;;292.7;;;;
c3_R12F4G1;R12F4G1;12;R12;6;d4;Feces;Sample;TCTAGCTCTT;72;126;49.8;4.14;CCATCTCATCCCTGCGTGTCTCCGACtcagTCTAGCTCTTCgatCCTACGGGAGGCAGCAG;PBU_72;372;c3;g1;CTRL;ctrl;ctrl;Feces_d4;gr1day4;F_CTRL;Fgr1day4;0;0.064;0.004396334;6.799043053;;0.193167799;0.046678011;0.649065304;0.026651495;0.029922328;;0.017124962;;324.2;;;;
c3_R13F4G2;R13F4G2;13;R13;7;d4;Feces;Sample;CTGACATAAT;47;175;38;4.14;CCATCTCATCCCTGCGTGTCTCCGACtcagCTGACATAATCgatCCTACGGGAGGCAGCAG;PBU_47;347;c3;g2;VAN;ctrl;van;Feces_d4;gr2day4;F_VAN;Fgr2day4;0.002;0;0.00090997;3.051264502;;0.158789034;;0.059886815;;;;;;231.4;;;;
c3_R14F4G2;R14F4G2;14;R14;7;d4;Feces;Sample;CCGAACACTT;91;222;37.2;6.44;CCATCTCATCCCTGCGTGTCTCCGACtcagCCGAACACTTCgatCCTACGGGAGGCAGCAG;PBU_91;391;c3;g2;VAN;ctrl;van;Feces_d4;gr2day4;F_VAN;Fgr2day4;;0.032;0.003332472;4.022242782;0.646935007;0.264919273;;0.163436972;;;0.050049272;;;269.5;;;;
c3_R15F4G2;R15F4G2;15;R15;8;d4;Feces;Sample;AAGGAATCGT;52;122.5;32.8;2.64;CCATCTCATCCCTGCGTGTCTCCGACtcagAAGGAATCGTCgatCCTACGGGAGGCAGCAG;PBU_52;352;c3;g2;VAN;ctrl;van;Feces_d4;gr2day4;F_VAN;Fgr2day4;0;0;0.00102532;2.060242365;;0.400834452;;0.322305578;;;;;;295.6;;;;
c3_R16F4G2;R16F4G2;16;R16;8;d4;Feces;Sample;CTGACCGAAC;10;113;20.6;3.18;CCATCTCATCCCTGCGTGTCTCCGACtcagCTGACCGAACgatCCTACGGGAGGCAGCAG;PBU_10;310;c3;g2;VAN;ctrl;van;Feces_d4;gr2day4;F_VAN;Fgr2day4;0;0.032;0.006927151;2.065273889;;0.357557403;;0.058566897;;;0.058337338;;;273;;;;
c3_R17F4G2;R17F4G2;17;R17;9;d4;Feces;Sample;CCGCATGGAA;64;151.7;75.4;4.14;CCATCTCATCCCTGCGTGTCTCCGACtcagCCGCATGGAACgatCCTACGGGAGGCAGCAG;PBU_64;364;c3;g2;VAN;ctrl;van;Feces_d4;gr2day4;F_VAN;Fgr2day4;0;0;0;3.685242182;0.797453003;0.245065044;;0.265776652;;;;;;295;;;;
c3_R18F4G2;R18F4G2;18;R18;9;d4;Feces;Sample;TAAGCCATTG;51;155;91.2;7.2;CCATCTCATCCCTGCGTGTCTCCGACtcagTAAGCCATTGTCgatCCTACGGGAGGCAGCAG;PBU_51;351;c3;g2;VAN;ctrl;van;Feces_d4;gr2day4;F_VAN;Fgr2day4;0;0;0.000323103;2.27660562;;0.400484586;;0.155728627;;;;;;287.7;;;;
c3_R19F4G2;R19F4G2;19;R19;10;d4;Feces;Sample;TTAAGCGGTC;45;128.8;27.8;4.14;CCATCTCATCCCTGCGTGTCTCCGACtcagTTAAGCGGTCgatCCTACGGGAGGCAGCAG;PBU_45;345;c3;g2;VAN;ctrl;van;Feces_d4;gr2day4;F_VAN;Fgr2day4;0;0;0.002816996;2.775193803;;0.241897608;0.061222086;0.162886532;0.061184182;0.053171554;0.256246953;0.046778622;0.11266511;282.5;;;;
c3_R20F4G2;R20F4G2;20;R20;10;d4;Feces;Sample;CCTACTGGTC;35;138;35.8;10.1;CCATCTCATCCCTGCGTGTCTCCGACtcagCCTACTGGTCgatCCTACGGGAGGCAGCAG;PBU_35;335;c3;g2;VAN;ctrl;van;Feces_d4;gr2day4;F_VAN;Fgr2day4;0;0;0.000905192;3.65926103;;0.212757992;;0.744501301;;;;;;316.7;;;;
c3_R21F4G2;R21F4G2;21;R21;11;d4;Feces;Sample;TCTTACACAC;32;219.3;13.3;2.94;CCATCTCATCCCTGCGTGTCTCCGACtcagTCTTACACACgatCCTACGGGAGGCAGCAG;PBU_32;332;c3;g2;VAN;ctrl;van;Feces_d4;gr2day4;F_VAN;Fgr2day4;0.004;0;0.004327864;3.008143422;;0.239450364;;0.097119437;;;;;;280.8;;;;
c3_R22F4G2;R22F4G2;22;R22;11;d4;Feces;Sample;CGAGGTTATC;30;130;12.5;3.18;CCATCTCATCCCTGCGTGTCTCCGACtcagCGAGGTTATCgatCCTACGGGAGGCAGCAG;PBU_30;330;c3;g2;VAN;ctrl;van;Feces_d4;gr2day4;F_VAN;Fgr2day4;0;0;0.00066963;2.797761422;;0.12444244;;0.070698748;;;0.052411688;;;310.6;;;;
c3_R23F4G2;R23F4G2;23;R23;12;d4;Feces;Sample;TCAGTCCGAA;58;164.4;13.7;4.92;CCATCTCATCCCTGCGTGTCTCCGACtcagTCAGTCCGAACgatCCTACGGGAGGCAGCAG;PBU_58;358;c3;g2;VAN;ctrl;van;Feces_d4;gr2day4;F_VAN;Fgr2day4;0;0;0.0015899;3.818070251;;0.275268317;;0.080780655;;;;;;324.9;;;;
c3_R24F4G2;R24F4G2;24;R24;12;d4;Feces;Sample;TTCGAGACGC;22;154.7;55.8;9.76;CCATCTCATCCCTGCGTGTCTCCGACtcagTTCGAGACGCgatCCTACGGGAGGCAGCAG;PBU_22;322;c3;g2;VAN;ctrl;van;Feces_d4;gr2day4;F_VAN;Fgr2day4;0;0.064;0.001746045;3.078666325;;0.242871681;;0.060465716;;;;;;308.9;;;;
c3_R25F4G3;R25F4G3;25;R25;13;d4;Feces;Sample;TCCTCGAATC;11;135.7;61.8;3.28;CCATCTCATCCCTGCGTGTCTCCGACtcagTCCTCGAATCgatCCTACGGGAGGCAGCAG;PBU_11;311;c3;g3;PFOS;pfos;ctrl;Feces_d4;gr3day4;F_PFOS;Fgr3day4;8.56;43.92;2.756576424;9.315861652;;0.304466066;0.04532504;1.977343586;0.028706195;0.036229494;0.176449642;0.082871274;;347.6;;;;
c3_R26F4G3;R26F4G3;26;R26;13;d4;Feces;Sample;CAGCCAATTC;85;207;49;7.42;CCATCTCATCCCTGCGTGTCTCCGACtcagCAGCCAATTCTCgatCCTACGGGAGGCAGCAG;PBU_85;385;c3;g3;PFOS;pfos;ctrl;Feces_d4;gr3day4;F_PFOS;Fgr3day4;9.6;45.6;2.331837112;11.1835698;;0.344223375;0.08032019;2.176343479;0.056283013;0.103582748;;0.183757406;;259.2;;;;
c3_R27F4G3;R27F4G3;27;R27;14;d4;Feces;Sample;CTGGCAATCC;65;142;66;7.2;CCATCTCATCCCTGCGTGTCTCCGACtcagCTGGCAATCCTCgatCCTACGGGAGGCAGCAG;PBU_65;365;c3;g3;PFOS;pfos;ctrl;Feces_d4;gr3day4;F_PFOS;Fgr3day4;7.92;69.92;1.664765;3.81846141;;0.138452052;0.026909798;0.348331263;0.018737536;0.016904128;;0.014671422;;290.5;;;;
c3_R28F4G3;R28F4G3;28;R28;14;d4;Feces;Sample;TAGGTGGTTC;12;122;48.4;1.8;CCATCTCATCCCTGCGTGTCTCCGACtcagTAGGTGGTTCgatCCTACGGGAGGCAGCAG;PBU_12;312;c3;g3;PFOS;pfos;ctrl;Feces_d4;gr3day4;F_PFOS;Fgr3day4;8.64;21.92;1.719812512;8.430942239;0.661795965;0.485812139;0.07477591;1.270838685;0.050098474;0.065236596;0.122000471;0.043734987;;267.8;;;;
c3_R29F4G3;R29F4G3;29;R29;15;d4;Feces;Sample;TCGACCACTC;29;129;104;7.36;CCATCTCATCCCTGCGTGTCTCCGACtcagTCGACCACTCgatCCTACGGGAGGCAGCAG;PBU_29;329;c3;g3;PFOS;pfos;ctrl;Feces_d4;gr3day4;F_PFOS;Fgr3day4;12.96;26.56;1.937075784;4.116468148;;0.197857682;0.040984873;0.461454139;0.032953231;0.028162284;;0.022026222;;259.1;;;;
c3_R30F4G3;R30F4G3;30;R30;15;d4;Feces;Sample;AACCTCATTC;24;132;16.2;2.94;CCATCTCATCCCTGCGTGTCTCCGACtcagAACCTCATTCgatCCTACGGGAGGCAGCAG;PBU_24;324;c3;g3;PFOS;pfos;ctrl;Feces_d4;gr3day4;F_PFOS;Fgr3day4;8.68;47.84;2.28533864;3.50372486;;0.151658591;0.038710713;0.251098809;0.028967713;0.038377059;0.028585453;0.032692959;;269.7;;;;
c3_R31F4G3;R31F4G3;31;R31;16;d4;Feces;Sample;TCAGGAATAC;38;178.2;38;2.68;CCATCTCATCCCTGCGTGTCTCCGACtcagTCAGGAATACgatCCTACGGGAGGCAGCAG;PBU_38;338;c3;g3;PFOS;pfos;ctrl;Feces_d4;gr3day4;F_PFOS;Fgr3day4;5.72;21.84;2.232476688;8.719508776;0.751313185;0.291792143;0.044513329;1.523350005;0.034586019;0.050700827;;0.022518659;;306.9;;;;
c3_R32F4G3;R32F4G3;32;R32;16;d4;Feces;Sample;TCTGGATGAC;16;180;12.7;2.48;CCATCTCATCCCTGCGTGTCTCCGACtcagTCTGGATGACgatCCTACGGGAGGCAGCAG;PBU_16;316;c3;g3;PFOS;pfos;ctrl;Feces_d4;gr3day4;F_PFOS;Fgr3day4;7.56;29.36;1.928938968;6.642488288;1.511986783;0.222430156;0.033149284;0.759356574;0.019855396;0.024065186;;0.016743183;;281;;;;
c3_R33F4G3;R33F4G3;33;R33;17;d4;Feces;Sample;AACCATCCGC;27;45.7;16.8;6.44;CCATCTCATCCCTGCGTGTCTCCGACtcagAACCATCCGCgatCCTACGGGAGGCAGCAG;PBU_27;327;c3;g3;PFOS;pfos;ctrl;Feces_d4;gr3day4;F_PFOS;Fgr3day4;8.24;22.08;2.04952464;9.218474884;;0.3206063;0.040250703;1.075174125;0.021475115;0.045369752;;0.141198393;;293.3;;;;
c3_R34F4G3;R34F4G3;34;R34;17;d4;Feces;Sample;TGAGGCTCCG;81;114;68.8;4.74;CCATCTCATCCCTGCGTGTCTCCGACtcagTGAGGCTCCGACgatCCTACGGGAGGCAGCAG;PBU_81;381;c3;g3;PFOS;pfos;ctrl;Feces_d4;gr3day4;F_PFOS;Fgr3day4;11.36;52.48;2.25036972;6.435524296;;0.213571369;0.047813384;1.008280745;0.026973218;0.04630859;0.038294902;0.050456843;;291.8;;;;
c3_R35F4G3;R35F4G3;35;R35;18;d4;Feces;Sample;CTAAGGTAAC;1;166;27.2;9.34;CCATCTCATCCCTGCGTGTCTCCGACtcagCTAAGGTAACgatCCTACGGGAGGCAGCAG;PBU_1;301;c3;g3;PFOS;pfos;ctrl;Feces_d4;gr3day4;F_PFOS;Fgr3day4;9;29.84;2.255714568;8.880293343;;0.269832333;0.067442885;1.694737851;0.045072911;0.081845096;;0.142470808;;311.2;;;;
c3_R36F4G3;R36F4G3;36;R36;18;d4;Feces;Sample;TTCCTGCTTC;74;47.5;50.8;2.92;CCATCTCATCCCTGCGTGTCTCCGACtcagTTCCTGCTTCACgatCCTACGGGAGGCAGCAG;PBU_74;374;c3;g3;PFOS;pfos;ctrl;Feces_d4;gr3day4;F_PFOS;Fgr3day4;11.84;23.76;1.87398452;5.979112839;;0.244102344;0.060115171;1.171389075;0.037057458;0.044713459;;0.089312665;;239.1;;;;
c3_R37F4G4;R37F4G4;37;R37;19;d4;Feces;Sample;TCCTGAATCT;92;170.5;50.6;4.86;CCATCTCATCCCTGCGTGTCTCCGACtcagTCCTGAATCTCgatCCTACGGGAGGCAGCAG;PBU_92;392;c3;g4;VAN+PFOS;pfos;van;Feces_d4;gr4day4;F_VAN+PFOS;Fgr4day4;9.36;36.08;2.35717944;2.540921958;;0.358339725;;0.338480571;;;0.100110996;;;321.7;;;;
c3_R38F4G4;R38F4G4;38;R38;19;d4;Feces;Sample;TTCGTGATTC;7;156.6;20.4;4.52;CCATCTCATCCCTGCGTGTCTCCGACtcagTTCGTGATTCgatCCTACGGGAGGCAGCAG;PBU_7;307;c3;g4;VAN+PFOS;pfos;van;Feces_d4;gr4day4;F_VAN+PFOS;Fgr4day4;11.76;31.28;2.410030792;2.216871096;;0.381112108;;0.174831021;;;;;;311.5;;;;
c3_R39F4G4;R39F4G4;39;R39;20;d4;Feces;Sample;TCTGCCTGTC;36;46.6;89.4;2.86;CCATCTCATCCCTGCGTGTCTCCGACtcagTCTGCCTGTCgatCCTACGGGAGGCAGCAG;PBU_36;336;c3;g4;VAN+PFOS;pfos;van;Feces_d4;gr4day4;F_VAN+PFOS;Fgr4day4;10.64;25.92;1.83622416;1.937005071;;0.266681521;;0.145724441;;;;;;252.8;;;;
c3_R40F4G4;R40F4G4;40;R40;20;d4;Feces;Sample;TCGAAGGCAG;86;101;52.4;3.48;CCATCTCATCCCTGCGTGTCTCCGACtcagTCGAAGGCAGGCgatCCTACGGGAGGCAGCAG;PBU_86;386;c3;g4;VAN+PFOS;pfos;van;Feces_d4;gr4day4;F_VAN+PFOS;Fgr4day4;12.12;23.92;2.456153056;4.048858094;0.638595071;0.195899605;;0.074594859;;;;;;307;;;;
c3_R41F4G4;R41F4G4;41;R41;21;d4;Feces;Sample;TTCTCATTGA;49;210;66.4;7.12;CCATCTCATCCCTGCGTGTCTCCGACtcagTTCTCATTGAACgatCCTACGGGAGGCAGCAG;PBU_49;349;c3;g4;VAN+PFOS;pfos;van;Feces_d4;gr4day4;F_VAN+PFOS;Fgr4day4;9.12;21.68;2.478445776;3.343697732;1.251182691;0.210021957;;0.152055596;;;;;;284;;;;
c3_R42F4G4;R42F4G4;42;R42;21;d4;Feces;Sample;CGGACAGATC;44;165.6;20.8;3.78;CCATCTCATCCCTGCGTGTCTCCGACtcagCGGACAGATCgatCCTACGGGAGGCAGCAG;PBU_44;344;c3;g4;VAN+PFOS;pfos;van;Feces_d4;gr4day4;F_VAN+PFOS;Fgr4day4;9.8;40.96;2.14096932;2.766247099;;0.287348738;0.09295739;0.261505441;0.075612935;0.089738102;1.77305212;0.07295131;0.097953433;263.5;;;;
c3_R43F4G4;R43F4G4;43;R43;22;d4;Feces;Sample;CTAGGAACCG;95;125.5;26.8;8.58;CCATCTCATCCCTGCGTGTCTCCGACtcagCTAGGAACCGCgatCCTACGGGAGGCAGCAG;PBU_95;395;c3;g4;VAN+PFOS;pfos;van;Feces_d4;gr4day4;F_VAN+PFOS;Fgr4day4;10.08;25.6;2.931049152;3.201229656;;0.572864953;;0.158501444;;;;;;315.8;;;;
c3_R44F4G4;R44F4G4;44;R44;22;d4;Feces;Sample;ATCCGGAATC;28;43;28.8;2.86;CCATCTCATCCCTGCGTGTCTCCGACtcagATCCGGAATCgatCCTACGGGAGGCAGCAG;PBU_28;328;c3;g4;VAN+PFOS;pfos;van;Feces_d4;gr4day4;F_VAN+PFOS;Fgr4day4;;37.44;2.067464624;5.601203279;;0.356580514;;0.0914485;;;0.03358875;;;287.3;;;;
c3_R45F4G4;R45F4G4;45;R45;23;d4;Feces;Sample;TCCACCTCCT;67;160.2;48.8;5.42;CCATCTCATCCCTGCGTGTCTCCGACtcagTCCACCTCCTCgatCCTACGGGAGGCAGCAG;PBU_67;367;c3;g4;VAN+PFOS;pfos;van;Feces_d4;gr4day4;F_VAN+PFOS;Fgr4day4;;25.36;2.081832336;3.817895948;1.007979423;0.253480475;;0.231647609;;;0.53204789;;;261.6;;;;
c3_R46F4G4;R46F4G4;46;R46;23;d4;Feces;Sample;TAAGGCAACC;59;70;3.92;1.53;CCATCTCATCCCTGCGTGTCTCCGACtcagTAAGGCAACCACgatCCTACGGGAGGCAGCAG;PBU_59;359;c3;g4;VAN+PFOS;pfos;van;Feces_d4;gr4day4;F_VAN+PFOS;Fgr4day4;9.88;34.72;1.854698768;4.270381774;0.681299916;0.391006184;;0.192482752;;;;;;269.3;;;;
c3_R47F4G4;R47F4G4;47;R47;24;d4;Feces;Sample;CGATCGGTTC;37;185.3;38.6;5.08;CCATCTCATCCCTGCGTGTCTCCGACtcagCGATCGGTTCgatCCTACGGGAGGCAGCAG;PBU_37;337;c3;g4;VAN+PFOS;pfos;van;Feces_d4;gr4day4;F_VAN+PFOS;Fgr4day4;8.8;59.52;2.3351268;3.335547743;;0.351326513;0.022249194;0.065490523;;;0.117204251;;;266.6;;;;
c3_R48F4G4;R48F4G4;48;R48;24;d4;Feces;Sample;CCTGAGATAC;25;99;54.2;8.04;CCATCTCATCCCTGCGTGTCTCCGACtcagCCTGAGATACgatCCTACGGGAGGCAGCAG;PBU_25;325;c3;g4;VAN+PFOS;pfos;van;Feces_d4;gr4day4;F_VAN+PFOS;Fgr4day4;8.6;23.76;1.717076736;2.386965824;;0.274898799;;0.433170595;;;0.038500478;;;242.1;;;;
c4_R01F8G1;R01F8G1;1;R01;1;d8;Feces;Sample;TGAGCGGAAC;9;94;15.2;2.85;CCATCTCATCCCTGCGTGTCTCCGACtcagTGAGCGGAACgatCCTACGGGAGGCAGCAG;PBU_9;109;c4;g1;CTRL;ctrl;ctrl;Feces_d8;gr1day8;F_CTRL;Fgr1day8;0;0;0.003037936;7.868664624;;0.392193101;0.107131688;1.710920079;0.066091452;0.059756633;;0.088022374;;380;13.8088;0.036338947;7.4945;0.019722368
c4_R02F8G1;R02F8G1;2;R02;1;d8;Feces;Sample;AACCTCATTC;24;164.8;38.6;4.58;CCATCTCATCCCTGCGTGTCTCCGACtcagAACCTCATTCgatCCTACGGGAGGCAGCAG;PBU_24;124;c4;g1;CTRL;ctrl;ctrl;Feces_d8;gr1day8;F_CTRL;Fgr1day8;0;0;0.00231814;7.529960838;;0.264897743;0.031722031;0.837188153;0.01943444;0.039310308;;0.015496245;;284;10.537;0.037102113;;
c4_R03F8G1;R03F8G1;3;R03;2;d8;Feces;Sample;CTAGGAACCG;95;180.2;24.4;9.45;CCATCTCATCCCTGCGTGTCTCCGACtcagCTAGGAACCGCgatCCTACGGGAGGCAGCAG;PBU_95;195;c4;g1;CTRL;ctrl;ctrl;Feces_d8;gr1day8;F_CTRL;Fgr1day8;0;0;0.00030543;7.334644386;;0.307603587;0.049579591;1.551263045;0.027955636;0.073316002;;0.106096092;;270;10.181;0.037707407;4.2227;0.01563963
c4_R04F8G1;R04F8G1;4;R04;2;d8;Feces;Sample;TCACTCGGAT;73;201;34.6;2.61;CCATCTCATCCCTGCGTGTCTCCGACtcagTCACTCGGATCgatCCTACGGGAGGCAGCAG;PBU_73;173;c4;g1;CTRL;ctrl;ctrl;Feces_d8;gr1day8;F_CTRL;Fgr1day8;0;0;0.00048724;7.211623767;;0.400237553;0.050540267;1.404214302;0.034416294;0.030303735;;;;333;12.181;0.03657958;4.2636;0.012803604
c4_R05F8G1;R05F8G1;5;R05;3;d8;Feces;Sample;CGAAGGCCAC;82;123.3;27.6;3.36;CCATCTCATCCCTGCGTGTCTCCGACtcagCGAAGGCCACACgatCCTACGGGAGGCAGCAG;PBU_82;182;c4;g1;CTRL;ctrl;ctrl;Feces_d8;gr1day8;F_CTRL;Fgr1day8;;0.048;0.00096172;9.522715335;;0.227608736;0.049101773;2.427284909;0.026265857;0.045212862;;0.063080932;;250;9.6172;0.0384688;3.4712;0.0138848
c4_R06F8G1;R06F8G1;6;R06;3;d8;Feces;Sample;TTCCTGCTTC;74;94;5.32;4.64;CCATCTCATCCCTGCGTGTCTCCGACtcagTTCCTGCTTCACgatCCTACGGGAGGCAGCAG;PBU_74;174;c4;g1;CTRL;ctrl;ctrl;Feces_d8;gr1day8;F_CTRL;Fgr1day8;0.003;0;0.00057948;6.277652845;;0.229773614;0.039023602;1.212169357;0.021403719;0.054878086;;0.046317281;;320;11.5896;0.0362175;4.8215;0.015067188
c4_R07F8G1;R07F8G1;7;R07;4;d8;Feces;Sample;CTTGAGAATG;53;142;24.6;3.47;CCATCTCATCCCTGCGTGTCTCCGACtcagCTTGAGAATGTCgatCCTACGGGAGGCAGCAG;PBU_53;153;c4;g1;CTRL;ctrl;ctrl;Feces_d8;gr1day8;F_CTRL;Fgr1day8;0;0;0.004492137;7.695139947;;0.280520044;0.071441389;1.922502227;0.049669642;0.069213867;0.057246297;0.069717902;;329;11.5183;0.03501003;4.4275;0.013457447
c4_R08F8G1;R08F8G1;8;R08;4;d8;Feces;Sample;TCTAGCTCTT;72;152;14.2;2.23;CCATCTCATCCCTGCGTGTCTCCGACtcagTCTAGCTCTTCgatCCTACGGGAGGCAGCAG;PBU_72;172;c4;g1;CTRL;ctrl;ctrl;Feces_d8;gr1day8;F_CTRL;Fgr1day8;0;0;0.001593536;1.019506463;0.827624299;;;;;;0.037665984;;;298;11.3824;0.038195973;4.6751;0.015688255
c4_R09F8G1;R09F8G1;9;R09;5;d8;Feces;Sample;TACCAAGATC;4;176.2;70.4;7.99;CCATCTCATCCCTGCGTGTCTCCGACtcagTACCAAGATCgatCCTACGGGAGGCAGCAG;PBU_4;104;c4;g1;CTRL;ctrl;ctrl;Feces_d8;gr1day8;F_CTRL;Fgr1day8;0;0.08;0.001522365;7.035536133;;0.194235576;0.034381627;0.700025303;0.019891014;0.024465369;0.041231537;0.040585876;;314;10.1491;0.032321975;6.3795;0.020316879
c4_R10F8G1;R10F8G1;10;R10;5;d8;Feces;Sample;TCCTGAATCT;92;203.8;60.6;7.65;CCATCTCATCCCTGCGTGTCTCCGACtcagTCCTGAATCTCgatCCTACGGGAGGCAGCAG;PBU_92;192;c4;g1;CTRL;ctrl;ctrl;Feces_d8;gr1day8;F_CTRL;Fgr1day8;0;0;0.000909392;10.46552189;;0.348551601;0.06152928;1.330444376;0.042614778;0.060321534;0.042938139;0.060449375;0.042825291;312;11.3674;0.036433974;5.2905;0.016956731
c4_R11F8G1;R11F8G1;11;R11;6;d8;Feces;Sample;CTGAGTTCCG;76;76;24.6;3.8;CCATCTCATCCCTGCGTGTCTCCGACtcagCTGAGTTCCGACgatCCTACGGGAGGCAGCAG;PBU_76;176;c4;g1;CTRL;ctrl;ctrl;Feces_d8;gr1day8;F_CTRL;Fgr1day8;0.002;0;0.006150927;8.556427946;;0.381443757;0.049378206;1.65193422;0.029312623;0.074905797;0.033963544;0.124649555;;308;10.4253;0.033848377;4.973;0.016146104
c4_R12F8G1;R12F8G1;12;R12;6;d8;Feces;Sample;AAGAGGATTC;3;152.8;43.2;3.39;CCATCTCATCCCTGCGTGTCTCCGACtcagAAGAGGATTCgatCCTACGGGAGGCAGCAG;PBU_3;103;c4;g1;CTRL;ctrl;ctrl;Feces_d8;gr1day8;F_CTRL;Fgr1day8;0;0.064;0.004396334;6.799043053;;0.193167799;0.046678011;0.649065304;0.026651495;0.029922328;;0.017124962;;349;11.5693;0.033149857;5.8247;0.016689685
c4_R13F8G2;R13F8G2;13;R13;7;d8;Feces;Sample;TCGCAATTAC;21;148;31.6;3.98;CCATCTCATCCCTGCGTGTCTCCGACtcagTCGCAATTACgatCCTACGGGAGGCAGCAG;PBU_21;121;c4;g2;VAN;ctrl;van;Feces_d8;gr2day8;F_VAN;Fgr2day8;0.002;0;0.00090997;3.051264502;;0.158789034;;0.059886815;;;;;;253;9.0997;0.035967194;8.0247;0.031718182
c4_R14F8G2;R14F8G2;14;R14;7;d8;Feces;Sample;TCAAGAAGTT;80;208;18.3;3.92;CCATCTCATCCCTGCGTGTCTCCGACtcagTCAAGAAGTTCgatCCTACGGGAGGCAGCAG;PBU_80;180;c4;g2;VAN;ctrl;van;Feces_d8;gr2day8;F_VAN;Fgr2day8;;0.032;0.003332472;4.022242782;0.646935007;0.264919273;;0.163436972;;;0.050049272;;;291;10.0984;0.034702405;8.5436;0.02935945
c4_R15F8G2;R15F8G2;15;R15;8;d8;Feces;Sample;TCTGGCAACG;69;128.6;90;3.19;CCATCTCATCCCTGCGTGTCTCCGACtcagTCTGGCAACGGCgatCCTACGGGAGGCAGCAG;PBU_69;169;c4;g2;VAN;ctrl;van;Feces_d8;gr2day8;F_VAN;Fgr2day8;0;0;0.00102532;2.060242365;;0.400834452;;0.322305578;;;;;;318;10.2532;0.032242767;12.4095;0.039023585
c4_R17F8G2;R17F8G2;17;R17;9;d8;Feces;Sample;TTCTAAGAGA;60;235.3;108;2.62;CCATCTCATCCCTGCGTGTCTCCGACtcagTTCTAAGAGACgatCCTACGGGAGGCAGCAG;PBU_60;160;c4;g2;VAN;ctrl;van;Feces_d8;gr2day8;F_VAN;Fgr2day8;0;0;0;3.685242182;0.797453003;0.245065044;;0.265776652;;;;;;325;10.1462;0.031219077;9.926;0.030541538
c4_R19F8G2;R19F8G2;19;R19;10;d8;Feces;Sample;TCTATTCGTC;17;157;20;5.24;CCATCTCATCCCTGCGTGTCTCCGACtcagTCTATTCGTCgatCCTACGGGAGGCAGCAG;PBU_17;117;c4;g2;VAN;ctrl;van;Feces_d8;gr2day8;F_VAN;Fgr2day8;0;0;0.002816996;2.775193803;;0.241897608;0.061222086;0.162886532;0.061184182;0.053171554;0.256246953;0.046778622;0.11266511;297;10.0607;0.033874411;9.924;0.033414141
c4_R21F8G2;R21F8G2;21;R21;11;d8;Feces;Sample;TCCTTGATGT;71;182;28.2;5.88;CCATCTCATCCCTGCGTGTCTCCGACtcagTCCTTGATGTTCgatCCTACGGGAGGCAGCAG;PBU_71;171;c4;g2;VAN;ctrl;van;Feces_d8;gr2day8;F_VAN;Fgr2day8;0.004;0;0.004327864;3.008143422;;0.239450364;;0.097119437;;;;;;309;10.0648;0.032572168;9.0489;0.029284466
c4_R22F8G2;R22F8G2;22;R22;11;d8;Feces;Sample;TCTAGAGGTC;15;127;8.2;4.65;CCATCTCATCCCTGCGTGTCTCCGACtcagTCTAGAGGTCgatCCTACGGGAGGCAGCAG;PBU_15;115;c4;g2;VAN;ctrl;van;Feces_d8;gr2day8;F_VAN;Fgr2day8;0;0;0.00066963;2.797761422;;0.12444244;;0.070698748;;;0.052411688;;;332;11.1605;0.033615964;9.369;0.02821988
c4_R23F8G2;R23F8G2;23;R23;12;d8;Feces;Sample;TCTGGATGAC;16;148;34.8;7.69;CCATCTCATCCCTGCGTGTCTCCGACtcagTCTGGATGACgatCCTACGGGAGGCAGCAG;PBU_16;116;c4;g2;VAN;ctrl;van;Feces_d8;gr2day8;F_VAN;Fgr2day8;0;0;0.0015899;3.818070251;;0.275268317;;0.080780655;;;;;;352;12.23;0.034744318;10.6062;0.03013125
c4_R24F8G2;R24F8G2;24;R24;12;d8;Feces;Sample;CCGCAATCAT;78;127;22.2;2.95;CCATCTCATCCCTGCGTGTCTCCGACtcagCCGCAATCATCgatCCTACGGGAGGCAGCAG;PBU_78;178;c4;g2;VAN;ctrl;van;Feces_d8;gr2day8;F_VAN;Fgr2day8;0;0.064;0.001746045;3.078666325;;0.242871681;;0.060465716;;;;;;328;11.6403;0.03548872;7.4712;0.022778049
c4_R25F8G3;R25F8G3;25;R25;13;d8;Feces;Sample;TAAGGAGAAC;2;181;11.4;4.62;CCATCTCATCCCTGCGTGTCTCCGACtcagTAAGGAGAACgatCCTACGGGAGGCAGCAG;PBU_2;102;c4;g3;PFOS;pfos;ctrl;Feces_d8;gr3day8;F_PFOS;Fgr3day8;8.56;43.92;2.756576424;9.315861652;;0.304466066;0.04532504;1.977343586;0.028706195;0.036229494;0.176449642;0.082871274;;389;14.6067;0.037549357;7.4068;0.019040617
c4_R26F8G3;R26F8G3;26;R26;13;d8;Feces;Sample;CTGGCAATCC;65;159;15.2;2.8;CCATCTCATCCCTGCGTGTCTCCGACtcagCTGGCAATCCTCgatCCTACGGGAGGCAGCAG;PBU_65;165;c4;g3;PFOS;pfos;ctrl;Feces_d8;gr3day8;F_PFOS;Fgr3day8;9.6;45.6;2.331837112;11.1835698;;0.344223375;0.08032019;2.176343479;0.056283013;0.103582748;;0.183757406;;282;12.2419;0.043410993;3.6565;0.012966312
c4_R27F8G3;R27F8G3;27;R27;14;d8;Feces;Sample;CTAGGACATT;88;123;23.4;4.08;CCATCTCATCCCTGCGTGTCTCCGACtcagCTAGGACATTCgatCCTACGGGAGGCAGCAG;PBU_88;188;c4;g3;PFOS;pfos;ctrl;Feces_d8;gr3day8;F_PFOS;Fgr3day8;7.92;69.92;1.664765;3.81846141;;0.138452052;0.026909798;0.348331263;0.018737536;0.016904128;;0.014671422;;306;11.4025;0.037263072;3.2032;0.010467974
c4_R28F8G3;R28F8G3;28;R28;14;d8;Feces;Sample;TTGGCTGGAC;42;137;18.4;1.1;CCATCTCATCCCTGCGTGTCTCCGACtcagTTGGCTGGACgatCCTACGGGAGGCAGCAG;PBU_42;142;c4;g3;PFOS;pfos;ctrl;Feces_d8;gr3day8;F_PFOS;Fgr3day8;8.64;21.92;1.719812512;8.430942239;0.661795965;0.485812139;0.07477591;1.270838685;0.050098474;0.065236596;0.122000471;0.043734987;;284;11.4532;0.040328169;4.2597;0.014998944
c4_R29F8G3;R29F8G3;29;R29;15;d8;Feces;Sample;TTCCACTTCG;48;108;34.4;2.24;CCATCTCATCCCTGCGTGTCTCCGACtcagTTCCACTTCGCgatCCTACGGGAGGCAGCAG;PBU_48;148;c4;g3;PFOS;pfos;ctrl;Feces_d8;gr3day8;F_PFOS;Fgr3day8;12.96;26.56;1.937075784;4.116468148;;0.197857682;0.040984873;0.461454139;0.032953231;0.028162284;;0.022026222;;283;10.7759;0.038077385;4.8233;0.017043463
c4_R30F8G3;R30F8G3;30;R30;15;d8;Feces;Sample;CTTGTCCAAT;96;138;64.6;3.56;CCATCTCATCCCTGCGTGTCTCCGACtcagCTTGTCCAATCgatCCTACGGGAGGCAGCAG;PBU_96;196;c4;g3;PFOS;pfos;ctrl;Feces_d8;gr3day8;F_PFOS;Fgr3day8;8.68;47.84;2.28533864;3.50372486;;0.151658591;0.038710713;0.251098809;0.028967713;0.038377059;0.028585453;0.032692959;;276;10.3129;0.03736558;3.6743;0.013312681
c4_R31F8G3;R31F8G3;31;R31;16;d8;Feces;Sample;CAGCATTAAT;68;121;23.8;2.83;CCATCTCATCCCTGCGTGTCTCCGACtcagCAGCATTAATTCgatCCTACGGGAGGCAGCAG;PBU_68;168;c4;g3;PFOS;pfos;ctrl;Feces_d8;gr3day8;F_PFOS;Fgr3day8;5.72;21.84;2.232476688;8.719508776;0.751313185;0.291792143;0.044513329;1.523350005;0.034586019;0.050700827;;0.022518659;;338;13.1694;0.038962722;5.122;0.015153846
c4_R32F8G3;R32F8G3;32;R32;16;d8;Feces;Sample;CGGACAGATC;44;138;36;3.47;CCATCTCATCCCTGCGTGTCTCCGACtcagCGGACAGATCgatCCTACGGGAGGCAGCAG;PBU_44;144;c4;g3;PFOS;pfos;ctrl;Feces_d8;gr3day8;F_PFOS;Fgr3day8;7.56;29.36;1.928938968;6.642488288;1.511986783;0.222430156;0.033149284;0.759356574;0.019855396;0.024065186;;0.016743183;;306;11.5533;0.037755882;3.8333;0.012527124
c4_R33F8G3;R33F8G3;33;R33;17;d8;Feces;Sample;TCCTCGAATC;11;133.5;84.8;3.33;CCATCTCATCCCTGCGTGTCTCCGACtcagTCCTCGAATCgatCCTACGGGAGGCAGCAG;PBU_11;111;c4;g3;PFOS;pfos;ctrl;Feces_d8;gr3day8;F_PFOS;Fgr3day8;8.24;22.08;2.04952464;9.218474884;;0.3206063;0.040250703;1.075174125;0.021475115;0.045369752;;0.141198393;;322;12.7458;0.03958323;6.2924;0.019541615
c4_R34F8G3;R34F8G3;34;R34;17;d8;Feces;Sample;CGGACAATGG;62;128;21.4;5.43;CCATCTCATCCCTGCGTGTCTCCGACtcagCGGACAATGGCgatCCTACGGGAGGCAGCAG;PBU_62;162;c4;g3;PFOS;pfos;ctrl;Feces_d8;gr3day8;F_PFOS;Fgr3day8;11.36;52.48;2.25036972;6.435524296;;0.213571369;0.047813384;1.008280745;0.026973218;0.04630859;0.038294902;0.050456843;;314;12.4965;0.039797771;5.0817;0.016183758
c4_R35F8G3;R35F8G3;35;R35;18;d8;Feces;Sample;CCGCATGGAA;64;162;40;4.71;CCATCTCATCCCTGCGTGTCTCCGACtcagCCGCATGGAACgatCCTACGGGAGGCAGCAG;PBU_64;164;c4;g3;PFOS;pfos;ctrl;Feces_d8;gr3day8;F_PFOS;Fgr3day8;9;29.84;2.255714568;8.880293343;;0.269832333;0.067442885;1.694737851;0.045072911;0.081845096;;0.142470808;;341;14.0211;0.041117595;5.2659;0.015442522
c4_R36F8G3;R36F8G3;36;R36;18;d8;Feces;Sample;TTCGTGATTC;7;128;2.28;12.6;CCATCTCATCCCTGCGTGTCTCCGACtcagTTCGTGATTCgatCCTACGGGAGGCAGCAG;PBU_7;107;c4;g3;PFOS;pfos;ctrl;Feces_d8;gr3day8;F_PFOS;Fgr3day8;11.84;23.76;1.87398452;5.979112839;;0.244102344;0.060115171;1.171389075;0.037057458;0.044713459;;0.089312665;;256;9.3887;0.036674609;3.8176;0.0149125
c4_R37F8G4;R37F8G4;37;R37;19;d8;Feces;Sample;AACCATCCGC;27;197;74.8;3.03;CCATCTCATCCCTGCGTGTCTCCGACtcagAACCATCCGCgatCCTACGGGAGGCAGCAG;PBU_27;127;c4;g4;VAN+PFOS;pfos;van;Feces_d8;gr4day8;F_VAN+PFOS;Fgr4day8;9.36;36.08;2.35717944;2.540921958;;0.358339725;;0.338480571;;;0.100110996;;;340;12.7553;0.037515588;9.4853;0.027897941
c4_R38F8G4;R38F8G4;38;R38;19;d8;Feces;Sample;CTTGACACCG;55;136;108;4.59;CCATCTCATCCCTGCGTGTCTCCGACtcagCTTGACACCGCgatCCTACGGGAGGCAGCAG;PBU_55;155;c4;g4;VAN+PFOS;pfos;van;Feces_d8;gr4day8;F_VAN+PFOS;Fgr4day8;11.76;31.28;2.410030792;2.216871096;;0.381112108;;0.174831021;;;;;;333;12.6737;0.038059159;;
c4_R39F8G4;R39F8G4;39;R39;20;d8;Feces;Sample;CAGCCAATTC;85;147;110;3.13;CCATCTCATCCCTGCGTGTCTCCGACtcagCAGCCAATTCTCgatCCTACGGGAGGCAGCAG;PBU_85;185;c4;g4;VAN+PFOS;pfos;van;Feces_d8;gr4day8;F_VAN+PFOS;Fgr4day8;10.64;25.92;1.83622416;1.937005071;;0.266681521;;0.145724441;;;;;;273;10.3391;0.037872161;8.6568;0.03170989
c4_R41F8G4;R41F8G4;41;R41;21;d8;Feces;Sample;TGAGGCTCCG;81;192;82.4;7.17;CCATCTCATCCCTGCGTGTCTCCGACtcagTGAGGCTCCGACgatCCTACGGGAGGCAGCAG;PBU_81;181;c4;g4;VAN+PFOS;pfos;van;Feces_d8;gr4day8;F_VAN+PFOS;Fgr4day8;9.12;21.68;2.478445776;3.343697732;1.251182691;0.210021957;;0.152055596;;;;;;308;11.2493;0.036523701;9.5787;0.031099675
c4_R42F8G4;R42F8G4;42;R42;21;d8;Feces;Sample;TTCCTACCAG;79;135;22.4;3.15;CCATCTCATCCCTGCGTGTCTCCGACtcagTTCCTACCAGTCgatCCTACGGGAGGCAGCAG;PBU_79;179;c4;g4;VAN+PFOS;pfos;van;Feces_d8;gr4day8;F_VAN+PFOS;Fgr4day8;9.8;40.96;2.14096932;2.766247099;;0.287348738;0.09295739;0.261505441;0.075612935;0.089738102;1.77305212;0.07295131;0.097953433;290;9.4399;0.032551379;10.2235;0.035253448
c4_R43F8G4;R43F8G4;43;R43;22;d8;Feces;Sample;TTGGAGTGTC;14;184;76.2;3.03;CCATCTCATCCCTGCGTGTCTCCGACtcagTTGGAGTGTCgatCCTACGGGAGGCAGCAG;PBU_14;114;c4;g4;VAN+PFOS;pfos;van;Feces_d8;gr4day8;F_VAN+PFOS;Fgr4day8;10.08;25.6;2.931049152;3.201229656;;0.572864953;;0.158501444;;;;;;338;13.3036;0.039359763;11.8803;0.035148817
c4_R44F8G4;R44F8G4;44;R44;22;d8;Feces;Sample;AGCACGAATC;33;181;48.8;2.5;CCATCTCATCCCTGCGTGTCTCCGACtcagAGCACGAATCgatCCTACGGGAGGCAGCAG;PBU_33;133;c4;g4;VAN+PFOS;pfos;van;Feces_d8;gr4day8;F_VAN+PFOS;Fgr4day8;;37.44;2.067464624;5.601203279;;0.356580514;;0.0914485;;;0.03358875;;;314;12.3122;0.039210828;11.6957;0.037247452
c4_R45F8G4;R45F8G4;45;R45;23;d8;Feces;Sample;CTTCCATAAC;41;212;68.2;3.28;CCATCTCATCCCTGCGTGTCTCCGACtcagCTTCCATAACgatCCTACGGGAGGCAGCAG;PBU_41;141;c4;g4;VAN+PFOS;pfos;van;Feces_d8;gr4day8;F_VAN+PFOS;Fgr4day8;;25.36;2.081832336;3.817895948;1.007979423;0.253480475;;0.231647609;;;0.53204789;;;283;10.2898;0.036359717;10.0136;0.035383746
c4_R46F8G4;R46F8G4;46;R46;23;d8;Feces;Sample;CCGAACACTT;91;177;55.2;8.14;CCATCTCATCCCTGCGTGTCTCCGACtcagCCGAACACTTCgatCCTACGGGAGGCAGCAG;PBU_91;191;c4;g4;VAN+PFOS;pfos;van;Feces_d8;gr4day8;F_VAN+PFOS;Fgr4day8;9.88;34.72;1.854698768;4.270381774;0.681299916;0.391006184;;0.192482752;;;;;;290;10.0189;0.034547931;10.1189;0.034892759
c4_R47F8G4;R47F8G4;47;R47;24;d8;Feces;Sample;TCCAAGCTGC;31;163;40.2;6.3;CCATCTCATCCCTGCGTGTCTCCGACtcagTCCAAGCTGCgatCCTACGGGAGGCAGCAG;PBU_31;131;c4;g4;VAN+PFOS;pfos;van;Feces_d8;gr4day8;F_VAN+PFOS;Fgr4day8;8.8;59.52;2.3351268;3.335547743;;0.351326513;0.022249194;0.065490523;;;0.117204251;;;286;11.4467;0.040023427;8.054;0.028160839
c4_R48F8G4;R48F8G4;48;R48;24;d8;Feces;Sample;CCAGCCTCAA;89;169;69.6;4.48;CCATCTCATCCCTGCGTGTCTCCGACtcagCCAGCCTCAACgatCCTACGGGAGGCAGCAG;PBU_89;189;c4;g4;VAN+PFOS;pfos;van;Feces_d8;gr4day8;F_VAN+PFOS;Fgr4day8;8.6;23.76;1.717076736;2.386965824;;0.274898799;;0.433170595;;;0.038500478;;;262;9.1024;0.034741985;9.5102;0.036298473
c2_R01IL8G1;R01IL8G1;1;R01;1;d8;Ileum;Sample;TCGACCACTC;29;135;9.98;2.46;CCATCTCATCCCTGCGTGTCTCCGACtcagTCGACCACTCgatCCTACGGGAGGCAGCAG;PBU_29;229;c2;g1;CTRL;ctrl;ctrl;Ileum_d8;gr1day8;IL_CTRL;ILgr1day8;0;0;0.003037936;7.868664624;;0.392193101;0.107131688;1.710920079;0.066091452;0.059756633;;0.088022374;;380;13.8088;0.036338947;7.4945;0.019722368
c2_R02IL8G1;R02IL8G1;2;R02;1;d8;Ileum;Sample;CTTGACACCG;55;159.5;15.3;1.7;CCATCTCATCCCTGCGTGTCTCCGACtcagCTTGACACCGCgatCCTACGGGAGGCAGCAG;PBU_55;255;c2;g1;CTRL;ctrl;ctrl;Ileum_d8;gr1day8;IL_CTRL;ILgr1day8;0;0;0.00231814;7.529960838;;0.264897743;0.031722031;0.837188153;0.01943444;0.039310308;;0.015496245;;284;10.537;0.037102113;;
c2_R03IL8G1;R03IL8G1;3;R03;2;d8;Ileum;Sample;TCGCAATTAC;21;36;146;3.02;CCATCTCATCCCTGCGTGTCTCCGACtcagTCGCAATTACgatCCTACGGGAGGCAGCAG;PBU_21;221;c2;g1;CTRL;ctrl;ctrl;Ileum_d8;gr1day8;IL_CTRL;ILgr1day8;0;0;0.00030543;7.334644386;;0.307603587;0.049579591;1.551263045;0.027955636;0.073316002;;0.106096092;;270;10.181;0.037707407;4.2227;0.01563963
c2_R04IL8G1;R04IL8G1;4;R04;2;d8;Ileum;Sample;TCTGGATGAC;16;106;2.04;3.85;CCATCTCATCCCTGCGTGTCTCCGACtcagTCTGGATGACgatCCTACGGGAGGCAGCAG;PBU_16;216;c2;g1;CTRL;ctrl;ctrl;Ileum_d8;gr1day8;IL_CTRL;ILgr1day8;0;0;0.00048724;7.211623767;;0.400237553;0.050540267;1.404214302;0.034416294;0.030303735;;;;333;12.181;0.03657958;4.2636;0.012803604
c2_R05IL8G1;R05IL8G1;5;R05;3;d8;Ileum;Sample;CTTGAGAATG;53;94.2;0.1;0.651;CCATCTCATCCCTGCGTGTCTCCGACtcagCTTGAGAATGTCgatCCTACGGGAGGCAGCAG;PBU_53;253;c2;g1;CTRL;ctrl;ctrl;Ileum_d8;gr1day8;IL_CTRL;ILgr1day8;;0.048;0.00096172;9.522715335;;0.227608736;0.049101773;2.427284909;0.026265857;0.045212862;;0.063080932;;250;9.6172;0.0384688;3.4712;0.0138848
c2_R07IL8G1;R07IL8G1;7;R07;4;d8;Ileum;Sample;TGAGGCTCCG;81;103;2.58;2.4;CCATCTCATCCCTGCGTGTCTCCGACtcagTGAGGCTCCGACgatCCTACGGGAGGCAGCAG;PBU_81;281;c2;g1;CTRL;ctrl;ctrl;Ileum_d8;gr1day8;IL_CTRL;ILgr1day8;0;0;0.004492137;7.695139947;;0.280520044;0.071441389;1.922502227;0.049669642;0.069213867;0.057246297;0.069717902;;329;11.5183;0.03501003;4.4275;0.013457447
c2_R08IL8G1;R08IL8G1;8;R08;4;d8;Ileum;Sample;TCACTCGGAT;73;166.1;1.91;3.89;CCATCTCATCCCTGCGTGTCTCCGACtcagTCACTCGGATCgatCCTACGGGAGGCAGCAG;PBU_73;273;c2;g1;CTRL;ctrl;ctrl;Ileum_d8;gr1day8;IL_CTRL;ILgr1day8;0;0;0.001593536;1.019506463;0.827624299;;;;;;0.037665984;;;298;11.3824;0.038195973;4.6751;0.015688255
c2_R09IL8G1;R09IL8G1;9;R09;5;d8;Ileum;Sample;CTGGCAATCC;65;190.2;1.03;3.04;CCATCTCATCCCTGCGTGTCTCCGACtcagCTGGCAATCCTCgatCCTACGGGAGGCAGCAG;PBU_65;265;c2;g1;CTRL;ctrl;ctrl;Ileum_d8;gr1day8;IL_CTRL;ILgr1day8;0;0.08;0.001522365;7.035536133;;0.194235576;0.034381627;0.700025303;0.019891014;0.024465369;0.041231537;0.040585876;;314;10.1491;0.032321975;6.3795;0.020316879
c2_R10IL8G1;R10IL8G1;10;R10;5;d8;Ileum;Sample;CCTGCCATTC;87;65.6;0.784;3.23;CCATCTCATCCCTGCGTGTCTCCGACtcagCCTGCCATTCGCgatCCTACGGGAGGCAGCAG;PBU_87;287;c2;g1;CTRL;ctrl;ctrl;Ileum_d8;gr1day8;IL_CTRL;ILgr1day8;0;0;0.000909392;10.46552189;;0.348551601;0.06152928;1.330444376;0.042614778;0.060321534;0.042938139;0.060449375;0.042825291;312;11.3674;0.036433974;5.2905;0.016956731
c2_R11IL8G1;R11IL8G1;11;R11;6;d8;Ileum;Sample;AACCTCATTC;24;68;1.98;2.74;CCATCTCATCCCTGCGTGTCTCCGACtcagAACCTCATTCgatCCTACGGGAGGCAGCAG;PBU_24;224;c2;g1;CTRL;ctrl;ctrl;Ileum_d8;gr1day8;IL_CTRL;ILgr1day8;0.002;0;0.006150927;8.556427946;;0.381443757;0.049378206;1.65193422;0.029312623;0.074905797;0.033963544;0.124649555;;308;10.4253;0.033848377;4.973;0.016146104
c2_R12IL8G1;R12IL8G1;12;R12;6;d8;Ileum;Sample;CTAACCACGG;93;81.1;0.724;9.4;CCATCTCATCCCTGCGTGTCTCCGACtcagCTAACCACGGCgatCCTACGGGAGGCAGCAG;PBU_93;293;c2;g1;CTRL;ctrl;ctrl;Ileum_d8;gr1day8;IL_CTRL;ILgr1day8;0;0.064;0.004396334;6.799043053;;0.193167799;0.046678011;0.649065304;0.026651495;0.029922328;;0.017124962;;349;11.5693;0.033149857;5.8247;0.016689685
c2_R13IL8G2;R13IL8G2;13;R13;7;d8;Ileum;Sample;CGAAGGCCAC;82;94.8;5.99;3.78;CCATCTCATCCCTGCGTGTCTCCGACtcagCGAAGGCCACACgatCCTACGGGAGGCAGCAG;PBU_82;282;c2;g2;VAN;ctrl;van;Ileum_d8;gr2day8;IL_VAN;ILgr2day8;0.002;0;0.00090997;3.051264502;;0.158789034;;0.059886815;;;;;;253;9.0997;0.035967194;8.0247;0.031718182
c2_R14IL8G2;R14IL8G2;14;R14;7;d8;Ileum;Sample;TCCTCGAATC;11;156;16.7;3.74;CCATCTCATCCCTGCGTGTCTCCGACtcagTCCTCGAATCgatCCTACGGGAGGCAGCAG;PBU_11;211;c2;g2;VAN;ctrl;van;Ileum_d8;gr2day8;IL_VAN;ILgr2day8;;0.032;0.003332472;4.022242782;0.646935007;0.264919273;;0.163436972;;;0.050049272;;;291;10.0984;0.034702405;8.5436;0.02935945
c2_R15IL8G2;R15IL8G2;15;R15;8;d8;Ileum;Sample;CTGACCGAAC;10;98;3.52;2.24;CCATCTCATCCCTGCGTGTCTCCGACtcagCTGACCGAACgatCCTACGGGAGGCAGCAG;PBU_10;210;c2;g2;VAN;ctrl;van;Ileum_d8;gr2day8;IL_VAN;ILgr2day8;0;0;0.00102532;2.060242365;;0.400834452;;0.322305578;;;;;;318;10.2532;0.032242767;12.4095;0.039023585
c2_R16IL8G2;R16IL8G2;16;R16;8;d8;Ileum;Sample;TCCGACAAGC;43;89.5;6.78;5.01;CCATCTCATCCCTGCGTGTCTCCGACtcagTCCGACAAGCgatCCTACGGGAGGCAGCAG;PBU_43;243;c2;g2;VAN;ctrl;van;Ileum_d8;gr2day8;IL_VAN;ILgr2day8;0;0.032;0.006927151;2.065273889;;0.357557403;;0.058566897;;;0.058337338;;;288;8.9963;0.031237153;9.0509;0.031426736
c2_R17IL8G2;R17IL8G2;17;R17;9;d8;Ileum;Sample;CCTACTGGTC;35;101.5;0.552;1.78;CCATCTCATCCCTGCGTGTCTCCGACtcagCCTACTGGTCgatCCTACGGGAGGCAGCAG;PBU_35;235;c2;g2;VAN;ctrl;van;Ileum_d8;gr2day8;IL_VAN;ILgr2day8;0;0;0;3.685242182;0.797453003;0.245065044;;0.265776652;;;;;;325;10.1462;0.031219077;9.926;0.030541538
c2_R18IL8G2;R18IL8G2;18;R18;9;d8;Ileum;Sample;AGCACGAATC;33;125;11.2;9;CCATCTCATCCCTGCGTGTCTCCGACtcagAGCACGAATCgatCCTACGGGAGGCAGCAG;PBU_33;233;c2;g2;VAN;ctrl;van;Ileum_d8;gr2day8;IL_VAN;ILgr2day8;0;0;0.000323103;2.27660562;;0.400484586;;0.155728627;;;;;;314;10.7701;0.034299682;9.2403;0.029427707
c2_R19IL8G2;R19IL8G2;19;R19;10;d8;Ileum;Sample;CCGGAGAATC;66;128;1.23;2.7;CCATCTCATCCCTGCGTGTCTCCGACtcagCCGGAGAATCGCgatCCTACGGGAGGCAGCAG;PBU_66;266;c2;g2;VAN;ctrl;van;Ileum_d8;gr2day8;IL_VAN;ILgr2day8;0;0;0.002816996;2.775193803;;0.241897608;0.061222086;0.162886532;0.061184182;0.053171554;0.256246953;0.046778622;0.11266511;297;10.0607;0.033874411;9.924;0.033414141
c2_R20IL8G2;R20IL8G2;20;R20;10;d8;Ileum;Sample;TCCAAGCTGC;31;124;15.2;4.38;CCATCTCATCCCTGCGTGTCTCCGACtcagTCCAAGCTGCgatCCTACGGGAGGCAGCAG;PBU_31;231;c2;g2;VAN;ctrl;van;Ileum_d8;gr2day8;IL_VAN;ILgr2day8;0;0;0.000905192;3.65926103;;0.212757992;;0.744501301;;;;;;345;11.3149;0.032796812;9.3563;0.02711971
c2_R21IL8G2;R21IL8G2;21;R21;11;d8;Ileum;Sample;TCGAAGGCAG;86;182.5;13.2;11;CCATCTCATCCCTGCGTGTCTCCGACtcagTCGAAGGCAGGCgatCCTACGGGAGGCAGCAG;PBU_86;286;c2;g2;VAN;ctrl;van;Ileum_d8;gr2day8;IL_VAN;ILgr2day8;0.004;0;0.004327864;3.008143422;;0.239450364;;0.097119437;;;;;;309;10.0648;0.032572168;9.0489;0.029284466
c2_R22IL8G2;R22IL8G2;22;R22;11;d8;Ileum;Sample;CAGATCCATC;20;108;6.22;5.41;CCATCTCATCCCTGCGTGTCTCCGACtcagCAGATCCATCgatCCTACGGGAGGCAGCAG;PBU_20;220;c2;g2;VAN;ctrl;van;Ileum_d8;gr2day8;IL_VAN;ILgr2day8;0;0;0.00066963;2.797761422;;0.12444244;;0.070698748;;;0.052411688;;;332;11.1605;0.033615964;9.369;0.02821988
c2_R23IL8G2;R23IL8G2;23;R23;12;d8;Ileum;Sample;TCAAGAAGTT;80;186.4;7.82;3.46;CCATCTCATCCCTGCGTGTCTCCGACtcagTCAAGAAGTTCgatCCTACGGGAGGCAGCAG;PBU_80;280;c2;g2;VAN;ctrl;van;Ileum_d8;gr2day8;IL_VAN;ILgr2day8;0;0;0.0015899;3.818070251;;0.275268317;;0.080780655;;;;;;352;12.23;0.034744318;10.6062;0.03013125
c2_R24IL8G2;R24IL8G2;24;R24;12;d8;Ileum;Sample;TCAGGAATAC;38;103.4;1.21;4.22;CCATCTCATCCCTGCGTGTCTCCGACtcagTCAGGAATACgatCCTACGGGAGGCAGCAG;PBU_38;238;c2;g2;VAN;ctrl;van;Ileum_d8;gr2day8;IL_VAN;ILgr2day8;0;0.064;0.001746045;3.078666325;;0.242871681;;0.060465716;;;;;;328;11.6403;0.03548872;7.4712;0.022778049
c2_R25IL8G3;R25IL8G3;25;R25;13;d8;Ileum;Sample;TCTATTCGTC;17;126.8;1.35;5.36;CCATCTCATCCCTGCGTGTCTCCGACtcagTCTATTCGTCgatCCTACGGGAGGCAGCAG;PBU_17;217;c2;g3;PFOS;pfos;ctrl;Ileum_d8;gr3day8;IL_PFOS;ILgr3day8;8.56;43.92;2.756576424;9.315861652;;0.304466066;0.04532504;1.977343586;0.028706195;0.036229494;0.176449642;0.082871274;;389;14.6067;0.037549357;7.4068;0.019040617
c2_R26IL8G3;R26IL8G3;26;R26;13;d8;Ileum;Sample;CTTGTCCAAT;96;161.8;1.61;4.28;CCATCTCATCCCTGCGTGTCTCCGACtcagCTTGTCCAATCgatCCTACGGGAGGCAGCAG;PBU_96;296;c2;g3;PFOS;pfos;ctrl;Ileum_d8;gr3day8;IL_PFOS;ILgr3day8;9.6;45.6;2.331837112;11.1835698;;0.344223375;0.08032019;2.176343479;0.056283013;0.103582748;;0.183757406;;282;12.2419;0.043410993;3.6565;0.012966312
c2_R27IL8G3;R27IL8G3;27;R27;14;d8;Ileum;Sample;CCAGCCTCAA;89;55.6;35.6;1.7;CCATCTCATCCCTGCGTGTCTCCGACtcagCCAGCCTCAACgatCCTACGGGAGGCAGCAG;PBU_89;289;c2;g3;PFOS;pfos;ctrl;Ileum_d8;gr3day8;IL_PFOS;ILgr3day8;7.92;69.92;1.664765;3.81846141;;0.138452052;0.026909798;0.348331263;0.018737536;0.016904128;;0.014671422;;306;11.4025;0.037263072;3.2032;0.010467974
c2_R28IL8G3;R28IL8G3;28;R28;14;d8;Ileum;Sample;TGCCACGAAC;23;96;2.96;2.46;CCATCTCATCCCTGCGTGTCTCCGACtcagTGCCACGAACgatCCTACGGGAGGCAGCAG;PBU_23;223;c2;g3;PFOS;pfos;ctrl;Ileum_d8;gr3day8;IL_PFOS;ILgr3day8;8.64;21.92;1.719812512;8.430942239;0.661795965;0.485812139;0.07477591;1.270838685;0.050098474;0.065236596;0.122000471;0.043734987;;284;11.4532;0.040328169;4.2597;0.014998944
c2_R29IL8G3;R29IL8G3;29;R29;15;d8;Ileum;Sample;TCTGCCTGTC;36;40;68;0.936;CCATCTCATCCCTGCGTGTCTCCGACtcagTCTGCCTGTCgatCCTACGGGAGGCAGCAG;PBU_36;236;c2;g3;PFOS;pfos;ctrl;Ileum_d8;gr3day8;IL_PFOS;ILgr3day8;12.96;26.56;1.937075784;4.116468148;;0.197857682;0.040984873;0.461454139;0.032953231;0.028162284;;0.022026222;;283;10.7759;0.038077385;4.8233;0.017043463
c2_R30IL8G3;R30IL8G3;30;R30;15;d8;Ileum;Sample;TTACAACCTC;26;121;1.13;3.96;CCATCTCATCCCTGCGTGTCTCCGACtcagTTACAACCTCgatCCTACGGGAGGCAGCAG;PBU_26;226;c2;g3;PFOS;pfos;ctrl;Ileum_d8;gr3day8;IL_PFOS;ILgr3day8;8.68;47.84;2.28533864;3.50372486;;0.151658591;0.038710713;0.251098809;0.028967713;0.038377059;0.028585453;0.032692959;;276;10.3129;0.03736558;3.6743;0.013312681
c2_R31IL8G3;R31IL8G3;31;R31;16;d8;Ileum;Sample;CCTGGTTGTC;39;126;4.64;14.6;CCATCTCATCCCTGCGTGTCTCCGACtcagCCTGGTTGTCgatCCTACGGGAGGCAGCAG;PBU_39;239;c2;g3;PFOS;pfos;ctrl;Ileum_d8;gr3day8;IL_PFOS;ILgr3day8;5.72;21.84;2.232476688;8.719508776;0.751313185;0.291792143;0.044513329;1.523350005;0.034586019;0.050700827;;0.022518659;;338;13.1694;0.038962722;5.122;0.015153846
c2_R32IL8G3;R32IL8G3;32;R32;16;d8;Ileum;Sample;CCTTAGAGTT;75;122.5;2.16;4.68;CCATCTCATCCCTGCGTGTCTCCGACtcagCCTTAGAGTTCgatCCTACGGGAGGCAGCAG;PBU_75;275;c2;g3;PFOS;pfos;ctrl;Ileum_d8;gr3day8;IL_PFOS;ILgr3day8;7.56;29.36;1.928938968;6.642488288;1.511986783;0.222430156;0.033149284;0.759356574;0.019855396;0.024065186;;0.016743183;;306;11.5533;0.037755882;3.8333;0.012527124
c2_R33IL8G3;R33IL8G3;33;R33;17;d8;Ileum;Sample;TAGGTGGTTC;12;113;9.92;3.74;CCATCTCATCCCTGCGTGTCTCCGACtcagTAGGTGGTTCgatCCTACGGGAGGCAGCAG;PBU_12;212;c2;g3;PFOS;pfos;ctrl;Ileum_d8;gr3day8;IL_PFOS;ILgr3day8;8.24;22.08;2.04952464;9.218474884;;0.3206063;0.040250703;1.075174125;0.021475115;0.045369752;;0.141198393;;322;12.7458;0.03958323;6.2924;0.019541615
c2_R34IL8G3;R34IL8G3;34;R34;17;d8;Ileum;Sample;TCTAGCTCTT;72;128.8;2.22;10.2;CCATCTCATCCCTGCGTGTCTCCGACtcagTCTAGCTCTTCgatCCTACGGGAGGCAGCAG;PBU_72;272;c2;g3;PFOS;pfos;ctrl;Ileum_d8;gr3day8;IL_PFOS;ILgr3day8;11.36;52.48;2.25036972;6.435524296;;0.213571369;0.047813384;1.008280745;0.026973218;0.04630859;0.038294902;0.050456843;;314;12.4965;0.039797771;5.0817;0.016183758
c2_R35IL8G3;R35IL8G3;35;R35;18;d8;Ileum;Sample;TTGGCATCTC;40;138;318;10.6;CCATCTCATCCCTGCGTGTCTCCGACtcagTTGGCATCTCgatCCTACGGGAGGCAGCAG;PBU_40;240;c2;g3;PFOS;pfos;ctrl;Ileum_d8;gr3day8;IL_PFOS;ILgr3day8;9;29.84;2.255714568;8.880293343;;0.269832333;0.067442885;1.694737851;0.045072911;0.081845096;;0.142470808;;341;14.0211;0.041117595;5.2659;0.015442522
c2_R36IL8G3;R36IL8G3;36;R36;18;d8;Ileum;Sample;TTCTCATTGA;49;130;2.34;3.33;CCATCTCATCCCTGCGTGTCTCCGACtcagTTCTCATTGAACgatCCTACGGGAGGCAGCAG;PBU_49;249;c2;g3;PFOS;pfos;ctrl;Ileum_d8;gr3day8;IL_PFOS;ILgr3day8;11.84;23.76;1.87398452;5.979112839;;0.244102344;0.060115171;1.171389075;0.037057458;0.044713459;;0.089312665;;256;9.3887;0.036674609;3.8176;0.0149125
c2_R37IL8G4;R37IL8G4;37;R37;19;d8;Ileum;Sample;TCCTAGAACA;70;135.7;9.04;5.86;CCATCTCATCCCTGCGTGTCTCCGACtcagTCCTAGAACACgatCCTACGGGAGGCAGCAG;PBU_70;270;c2;g4;VAN+PFOS;pfos;van;Ileum_d8;gr4day8;IL_VAN+PFOS;ILgr4day8;9.36;36.08;2.35717944;2.540921958;;0.358339725;;0.338480571;;;0.100110996;;;340;12.7553;0.037515588;9.4853;0.027897941
c2_R38IL8G4;R38IL8G4;38;R38;19;d8;Ileum;Sample;TTGAGCCTAT;63;142;7.66;8.16;CCATCTCATCCCTGCGTGTCTCCGACtcagTTGAGCCTATTCgatCCTACGGGAGGCAGCAG;PBU_63;263;c2;g4;VAN+PFOS;pfos;van;Ileum_d8;gr4day8;IL_VAN+PFOS;ILgr4day8;11.76;31.28;2.410030792;2.216871096;;0.381112108;;0.174831021;;;;;;333;12.6737;0.038059159;;
c2_R39IL8G4;R39IL8G4;39;R39;20;d8;Ileum;Sample;TTAGTCGGAC;19;70;2.36;2.26;CCATCTCATCCCTGCGTGTCTCCGACtcagTTAGTCGGACgatCCTACGGGAGGCAGCAG;PBU_19;219;c2;g4;VAN+PFOS;pfos;van;Ileum_d8;gr4day8;IL_VAN+PFOS;ILgr4day8;10.64;25.92;1.83622416;1.937005071;;0.266681521;;0.145724441;;;;;;273;10.3391;0.037872161;8.6568;0.03170989
c2_R40IL8G4;R40IL8G4;40;R40;20;d8;Ileum;Sample;TCAGTCCGAA;58;178.2;2.34;2.06;CCATCTCATCCCTGCGTGTCTCCGACtcagTCAGTCCGAACgatCCTACGGGAGGCAGCAG;PBU_58;258;c2;g4;VAN+PFOS;pfos;van;Ileum_d8;gr4day8;IL_VAN+PFOS;ILgr4day8;12.12;23.92;2.456153056;4.048858094;0.638595071;0.195899605;;0.074594859;;;;;;327;13.0148;0.039800612;10.4386;0.031922324
c2_R41IL8G4;R41IL8G4;41;R41;21;d8;Ileum;Sample;TGGAGCTTCC;57;45.7;165;0.734;CCATCTCATCCCTGCGTGTCTCCGACtcagTGGAGCTTCCTCgatCCTACGGGAGGCAGCAG;PBU_57;257;c2;g4;VAN+PFOS;pfos;van;Ileum_d8;gr4day8;IL_VAN+PFOS;ILgr4day8;9.12;21.68;2.478445776;3.343697732;1.251182691;0.210021957;;0.152055596;;;;;;308;11.2493;0.036523701;9.5787;0.031099675
c2_R42IL8G4;R42IL8G4;42;R42;21;d8;Ileum;Sample;CGATCGGTTC;37;114;8.58;6.62;CCATCTCATCCCTGCGTGTCTCCGACtcagCGATCGGTTCgatCCTACGGGAGGCAGCAG;PBU_37;237;c2;g4;VAN+PFOS;pfos;van;Ileum_d8;gr4day8;IL_VAN+PFOS;ILgr4day8;9.8;40.96;2.14096932;2.766247099;;0.287348738;0.09295739;0.261505441;0.075612935;0.089738102;1.77305212;0.07295131;0.097953433;290;9.4399;0.032551379;10.2235;0.035253448
c2_R43IL8G4;R43IL8G4;43;R43;22;d8;Ileum;Sample;CTGCAAGTTC;6;47.5;5.48;1.86;CCATCTCATCCCTGCGTGTCTCCGACtcagCTGCAAGTTCgatCCTACGGGAGGCAGCAG;PBU_6;206;c2;g4;VAN+PFOS;pfos;van;Ileum_d8;gr4day8;IL_VAN+PFOS;ILgr4day8;10.08;25.6;2.931049152;3.201229656;;0.572864953;;0.158501444;;;;;;338;13.3036;0.039359763;11.8803;0.035148817
c2_R44IL8G4;R44IL8G4;44;R44;22;d8;Ileum;Sample;TTCCTGCTTC;74;46.6;2.22;5.52;CCATCTCATCCCTGCGTGTCTCCGACtcagTTCCTGCTTCACgatCCTACGGGAGGCAGCAG;PBU_74;274;c2;g4;VAN+PFOS;pfos;van;Ileum_d8;gr4day8;IL_VAN+PFOS;ILgr4day8;;37.44;2.067464624;5.601203279;;0.356580514;;0.0914485;;;0.03358875;;;314;12.3122;0.039210828;11.6957;0.037247452
c2_R45IL8G4;R45IL8G4;45;R45;23;d8;Ileum;Sample;TGAGCGGAAC;9;101;50.2;1.31;CCATCTCATCCCTGCGTGTCTCCGACtcagTGAGCGGAACgatCCTACGGGAGGCAGCAG;PBU_9;209;c2;g4;VAN+PFOS;pfos;van;Ileum_d8;gr4day8;IL_VAN+PFOS;ILgr4day8;;25.36;2.081832336;3.817895948;1.007979423;0.253480475;;0.231647609;;;0.53204789;;;283;10.2898;0.036359717;10.0136;0.035383746
c2_R46IL8G4;R46IL8G4;46;R46;23;d8;Ileum;Sample;TTCCTACCAG;79;125.5;10;2.6;CCATCTCATCCCTGCGTGTCTCCGACtcagTTCCTACCAGTCgatCCTACGGGAGGCAGCAG;PBU_79;279;c2;g4;VAN+PFOS;pfos;van;Ileum_d8;gr4day8;IL_VAN+PFOS;ILgr4day8;9.88;34.72;1.854698768;4.270381774;0.681299916;0.391006184;;0.192482752;;;;;;290;10.0189;0.034547931;10.1189;0.034892759
c2_R47IL8G4;R47IL8G4;47;R47;24;d8;Ileum;Sample;TTAAGCGGTC;45;43;132;1.34;CCATCTCATCCCTGCGTGTCTCCGACtcagTTAAGCGGTCgatCCTACGGGAGGCAGCAG;PBU_45;245;c2;g4;VAN+PFOS;pfos;van;Ileum_d8;gr4day8;IL_VAN+PFOS;ILgr4day8;8.8;59.52;2.3351268;3.335547743;;0.351326513;0.022249194;0.065490523;;;0.117204251;;;286;11.4467;0.040023427;8.054;0.028160839
c2_R48IL8G4;R48IL8G4;48;R48;24;d8;Ileum;Sample;CTGACATAAT;47;122;3.72;2.66;CCATCTCATCCCTGCGTGTCTCCGACtcagCTGACATAATCgatCCTACGGGAGGCAGCAG;PBU_47;247;c2;g4;VAN+PFOS;pfos;van;Ileum_d8;gr4day8;IL_VAN+PFOS;ILgr4day8;8.6;23.76;1.717076736;2.386965824;;0.274898799;;0.433170595;;;0.038500478;;;262;9.1024;0.034741985;9.5102;0.036298473
c4_MOCK-1;MOCK-1;MOCK;;NA;;MOCK;MOCK;TCTGCCTGTC;36;0;318;7.38;CCATCTCATCCCTGCGTGTCTCCGACtcagTCTGCCTGTCgatCCTACGGGAGGCAGCAG;PBU_36;136;c4;MOCK;NA;MOCK;MOCK;;MOCK;MOCK;MOCK;;;;;;;;;;;;;;;;;;
c4_MOCK-2;MOCK-2;MOCK;;NA;;MOCK;MOCK;CCTGGTTGTC;39;0;318;5.28;CCATCTCATCCCTGCGTGTCTCCGACtcagCCTGGTTGTCgatCCTACGGGAGGCAGCAG;PBU_39;139;c4;MOCK;NA;MOCK;MOCK;;MOCK;MOCK;MOCK;;;;;;;;;;;;;;;;;;
c4_MOCK-3;MOCK-3;MOCK;;NA;;MOCK;MOCK;CCTTAGAGTT;75;0;318;3.91;CCATCTCATCCCTGCGTGTCTCCGACtcagCCTTAGAGTTCgatCCTACGGGAGGCAGCAG;PBU_75;175;c4;MOCK;NA;MOCK;MOCK;;MOCK;MOCK;MOCK;;;;;;;;;;;;;;;;;;
c2_MOCK-4;MOCK-4;MOCK;;3;;MOCK;MOCK;CTTGGTTATT;90;0;318;2.02;CCATCTCATCCCTGCGTGTCTCCGACtcagCTTGGTTATTCgatCCTACGGGAGGCAGCAG;PBU_90;290;c2;MOCK;NA;MOCK;MOCK;;MOCK;MOCK;MOCK;;;;;;;;;;;;;;;;;;
c4_NEGATIVE;NEGATIVE;WTR;;NA;;WTR;WTR;TGGAGCTTCC;57;0;0.08;0.118;CCATCTCATCCCTGCGTGTCTCCGACtcagTGGAGCTTCCTCgatCCTACGGGAGGCAGCAG;PBU_57;157;c4;WTR;NA;WTR;WTR;;NEGATIVE;NC_NA;NEGATIVE;;;;;;;;;;;;;;;;;;
